date,city,station_name,evidence,event_type,comment,parameter,value
2010-07-29,Burns Lake,Burns Lake Fire Centre,https://go.nasa.gov/3ljN6L8 ,TF,BC wildfires,pm25,6.1
2010-08-03,Burns Lake,Burns Lake Fire Centre,https://go.nasa.gov/2WIeb4a,TF,BC wildfires,pm25,5.1
2010-08-04,Burns Lake,Burns Lake Fire Centre,https://go.nasa.gov/2WJWW2z,TF,BC wildfires,pm25,8.3
2010-08-05,Burns Lake,Burns Lake Fire Centre,https://go.nasa.gov/3iz05a3,TF,BC wildfires,pm25,12.7
2010-08-15,Burns Lake,Burns Lake Fire Centre,https://go.nasa.gov/3ljCMmG,TF,BC wildfires,pm25,56.6
2010-08-16,Burns Lake,Burns Lake Fire Centre,https://go.nasa.gov/3jCCaYH,TF,BC wildfires,pm25,52.3
2010-08-17,Burns Lake,Burns Lake Fire Centre,https://go.nasa.gov/2F6Z6Av,TF,BC wildfires,pm25,22
2010-08-18,Burns Lake,Burns Lake Fire Centre,https://go.nasa.gov/2SdSmUd ,TF,BC wildfires,pm25,52.2
2010-08-19,Burns Lake,Burns Lake Fire Centre,https://go.nasa.gov/3nrJau2,TF,BC wildfires,pm25,21.8
2010-08-20,Burns Lake,Burns Lake Fire Centre,https://go.nasa.gov/2GLimnG,TF,BC wildfires,pm25,27.3
2010-08-21,Burns Lake,Burns Lake Fire Centre,https://go.nasa.gov/33B2Aok,TF,BC wildfires,pm25,22.2
2011-06-17,Burns Lake,Burns Lake Fire Centre,https://go.nasa.gov/2ZLEmYP,TF,Alberta wildfires,pm25,13.3
2012-07-08,Burns Lake,Burns Lake Fire Centre,https://go.nasa.gov/33yguYf,TF,Siberia wildfires,pm25,23.7
2012-07-08,Burns Lake,Burns Lake Fire Centre,TF_EE evidence directory,TF,Siberia wildfires,pm25,23.7
2012-07-09,Burns Lake,Burns Lake Fire Centre,https://go.nasa.gov/3iFbWn4,TF,Siberia wildfires,pm25,23.7
2012-07-09,Burns Lake,Burns Lake Fire Centre,TF_EE evidence directory,TF,Siberia wildfires,pm25,23.7
2012-08-19,Burns Lake,Burns Lake Fire Centre,https://go.nasa.gov/3abytGy,TF,BC wildfires,pm25,22.7
2012-08-19,Burns Lake,Burns Lake Fire Centre,TF_EE evidence directory,TF,BC wildfires,pm25,22.7
2012-08-20,Burns Lake,Burns Lake Fire Centre,https://go.nasa.gov/300GRXx,TF,BC wildfires,pm25,8.3
2012-09-20,Burns Lake,Burns Lake Fire Centre,https://go.nasa.gov/3Dexq53,TF,BC wildfires,pm25,9.1
2014-07-12,Burns Lake,Burns Lake Fire Centre,https://go.nasa.gov/2GzPVt1,TF,BC wildfires,pm25,12.9
2014-07-13,Burns Lake,Burns Lake Fire Centre,https://go.nasa.gov/34vF2Af,TF,BC wildfires,pm25,5
2014-07-14,Burns Lake,Burns Lake Fire Centre,https://go.nasa.gov/36G18TE,TF,BC wildfires,pm25,13.1
2014-08-01,Burns Lake,Burns Lake Fire Centre,https://go.nasa.gov/3iA0YiD,TF,BC wildfires,pm25,13.2
2014-08-02,Burns Lake,Burns Lake Fire Centre,https://go.nasa.gov/34x2RHT,TF,BC wildfires,pm25,24.5
2014-08-03,Burns Lake,Burns Lake Fire Centre,https://go.nasa.gov/33AXgB4,TF,BC wildfires,pm25,7.8
2014-08-04,Burns Lake,Burns Lake Fire Centre,https://go.nasa.gov/3iA16P9,TF,BC wildfires,pm25,27.6
2014-08-12,Burns Lake,Burns Lake Fire Centre,https://go.nasa.gov/3no5THd,TF,BC wildfires,pm25,10.3
2014-08-13,Burns Lake,Burns Lake Fire Centre,https://go.nasa.gov/3iwKt76,TF,BC wildfires,pm25,13.1
2014-08-14,Burns Lake,Burns Lake Fire Centre,https://go.nasa.gov/30Hzu4N,TF,BC wildfires,pm25,19.5
2014-08-15,Burns Lake,Burns Lake Fire Centre,https://go.nasa.gov/3d7aFnN,TF,BC wildfires,pm25,11.4
2014-08-21,Burns Lake,Burns Lake Fire Centre,https://go.nasa.gov/3ov9GWe,TF,BC wildfires,pm25,8.7
2014-08-24,Burns Lake,Burns Lake Fire Centre,https://go.nasa.gov/36znPbY,TF,BC wildfires,pm25,15.8
2014-09-15,Burns Lake,Burns Lake Fire Centre,https://go.nasa.gov/3FmiaVG,TF,BC wildfires,pm25,17.4
2014-09-16,Burns Lake,Burns Lake Fire Centre,https://go.nasa.gov/3iC7ybv,TF,BC wildfires,pm25,14
2014-09-17,Burns Lake,Burns Lake Fire Centre,,TF,BC wildfires,pm25,15.4
2014-09-18,Burns Lake,Burns Lake Fire Centre,,TF,BC wildfires,pm25,16.4
2015-05-11,Burns Lake,Burns Lake Fire Centre,https://go.nasa.gov/3d5JREu,TF,BC wildfires,pm25,7.5
2015-05-13,Burns Lake,Burns Lake Fire Centre,https://go.nasa.gov/36NXebn,TF,BC wildfires,pm25,13.3
2015-07-11,Burns Lake,Burns Lake Fire Centre,https://go.nasa.gov/34PecDF,TF,BC wildfires,pm25,9.5
2017-08-06,Burns Lake,Burns Lake Fire Centre,https://go.nasa.gov/36Ka36e,TF,BC wildfires,pm25,14.2
2017-08-07,Burns Lake,Burns Lake Fire Centre,https://go.nasa.gov/3ny2W76,TF,BC wildfires,pm25,6.6
2017-08-08,Burns Lake,Burns Lake Fire Centre,https://go.nasa.gov/3mwqoSr,TF,BC wildfires,pm25,28.9
2017-08-09,Burns Lake,Burns Lake Fire Centre,https://go.nasa.gov/34D7FLV,TF,BC wildfires,pm25,35.2
2017-08-10,Burns Lake,Burns Lake Fire Centre,https://go.nasa.gov/3ouKizJ,TF,BC wildfires,pm25,31.5
2017-08-11,Burns Lake,Burns Lake Fire Centre,https://go.nasa.gov/30PPmlQ,TF,BC wildfires,pm25,34.3
2017-08-12,Burns Lake,Burns Lake Fire Centre,https://go.nasa.gov/3lk73lg,TF,BC wildfires,pm25,13.3
2017-09-06,Burns Lake,Burns Lake Fire Centre,https://go.nasa.gov/3jIYLTn,TF,BC wildfires,pm25,18.4
2017-09-07,Burns Lake,Burns Lake Fire Centre,https://go.nasa.gov/2GMvvg3,TF,BC wildfires,pm25,28
2018-07-22,Burns Lake,Burns Lake Fire Centre,https://go.nasa.gov/3a6UQwG,TF,BC wildfires,pm25,6.7
2018-07-24,Burns Lake,Burns Lake Fire Centre,https://go.nasa.gov/34MYIQx,TF,BC wildfires,pm25,11.2
2018-07-25,Burns Lake,Burns Lake Fire Centre,https://go.nasa.gov/30SwpPe,TF,BC wildfires,pm25,25.1
2018-07-26,Burns Lake,Burns Lake Fire Centre,https://go.nasa.gov/30TFU0B,TF,BC wildfires,pm25,24.2
2018-07-27,Burns Lake,Burns Lake Fire Centre,https://go.nasa.gov/3iRD4PL,TF,BC wildfires,pm25,24.6
2018-07-28,Burns Lake,Burns Lake Fire Centre,https://go.nasa.gov/3iNwl9I,TF,BC wildfires,pm25,22.7
2018-07-29,Burns Lake,Burns Lake Fire Centre,https://go.nasa.gov/33JTKV8,TF,BC wildfires,pm25,16.3
2018-07-30,Burns Lake,Burns Lake Fire Centre,https://go.nasa.gov/33M1je4,TF,BC wildfires,pm25,25.4
2018-07-31,Burns Lake,Burns Lake Fire Centre,https://go.nasa.gov/3mj88Me,TF,BC wildfires,pm25,31.1
2018-08-01,Burns Lake,Burns Lake Fire Centre,https://go.nasa.gov/3nUsefZ,TF,BC wildfires,pm25,14.5
2018-08-02,Burns Lake,Burns Lake Fire Centre,https://go.nasa.gov/375063w,TF,BC wildfires,pm25,4.4
2018-08-05,Burns Lake,Burns Lake Fire Centre,https://go.nasa.gov/2H4x8pn,TF,BC wildfires,pm25,12.5
2018-08-07,Burns Lake,Burns Lake Fire Centre,https://go.nasa.gov/3jVhfQJ,TF,BC wildfires,pm25,11.1
2018-08-08,Burns Lake,Burns Lake Fire Centre,https://go.nasa.gov/36Yj389,TF,BC wildfires,pm25,12.8
2018-08-09,Burns Lake,Burns Lake Fire Centre,https://go.nasa.gov/370SXBi,TF,BC wildfires,pm25,18.8
2018-08-10,Burns Lake,Burns Lake Fire Centre,https://go.nasa.gov/370Ix4L,TF,BC wildfires,pm25,71.7
2018-08-11,Burns Lake,Burns Lake Fire Centre,https://go.nasa.gov/33SunAw,TF,BC wildfires,pm25,70.2
2018-08-12,Burns Lake,Burns Lake Fire Centre,https://go.nasa.gov/33Uvy2B,TF,BC wildfires,pm25,40.8
2018-08-13,Burns Lake,Burns Lake Fire Centre,https://go.nasa.gov/33T6bxV,TF,BC wildfires,pm25,10.7
2018-08-14,Burns Lake,Burns Lake Fire Centre,https://go.nasa.gov/313dsJK,TF,BC wildfires,pm25,79
2018-08-15,Burns Lake,Burns Lake Fire Centre,https://go.nasa.gov/3dp50cN,TF,BC wildfires,pm25,24.7
2018-08-16,Burns Lake,Burns Lake Fire Centre,https://go.nasa.gov/372QKVW,TF,BC wildfires,pm25,178
2018-08-17,Burns Lake,Burns Lake Fire Centre,https://go.nasa.gov/3nP5DBp,TF,BC wildfires,pm25,6.9
2018-08-19,Burns Lake,Burns Lake Fire Centre,https://go.nasa.gov/314tYJE,TF,BC wildfires,pm25,33.9
2018-08-20,Burns Lake,Burns Lake Fire Centre,https://go.nasa.gov/3nOjW9i,TF,BC wildfires,pm25,83.6
2018-08-21,Burns Lake,Burns Lake Fire Centre,https://go.nasa.gov/3lFWt8k,TF,BC wildfires,pm25,883
2018-08-22,Burns Lake,Burns Lake Fire Centre,https://go.nasa.gov/313YwLp,TF,BC wildfires,pm25,251
2018-08-23,Burns Lake,Burns Lake Fire Centre,https://go.nasa.gov/3lD7o2o,TF,BC wildfires,pm25,17.1
2018-08-24,Burns Lake,Burns Lake Fire Centre,https://go.nasa.gov/3dmRaaO,TF,BC wildfires,pm25,12
2018-08-26,Burns Lake,Burns Lake Fire Centre,https://go.nasa.gov/3uNW2ys,TF,BC wildfires,pm25,12.6
2018-08-27,Burns Lake,Burns Lake Fire Centre,https://go.nasa.gov/2SPmNjM,TF,BC wildfires,pm25,71.7
2018-08-31,Burns Lake,Burns Lake Fire Centre,https://go.nasa.gov/3mDdGS6,TF,BC wildfires,pm25,23.4
2018-09-02,Burns Lake,Burns Lake Fire Centre,https://go.nasa.gov/3lhuFcW,TF,BC wildfires,pm25,51
2018-09-02,Burns Lake,Burns Lake Fire Centre,TF_EE evidence directory,TF,BC wildfires,pm25,51
2018-09-04,Burns Lake,Burns Lake Fire Centre,https://go.nasa.gov/34SUDu2,TF,BC wildfires,pm25,51.7
2018-09-05,Burns Lake,Burns Lake Fire Centre,https://go.nasa.gov/3agbolT,TF,BC wildfires,pm25,51.5
2018-09-06,Burns Lake,Burns Lake Fire Centre,https://go.nasa.gov/2GXtQ7w,TF,BC wildfires,pm25,57.1
2018-09-07,Burns Lake,Burns Lake Fire Centre,https://go.nasa.gov/3nOuHII,TF,BC wildfires,pm25,60
2018-09-08,Burns Lake,Burns Lake Fire Centre,https://go.nasa.gov/3nOuHII,TF,BC wildfires,pm25,23.9
2019-05-25,Burns Lake,Burns Lake Fire Centre,https://go.nasa.gov/3lJrCYm,TF,Alberta wildfires,pm25,18.5
2019-05-26,Burns Lake,Burns Lake Fire Centre,https://go.nasa.gov/3lMUq27,TF,Alberta wildfires,pm25,19.9
2019-05-27,Burns Lake,Burns Lake Fire Centre,https://go.nasa.gov/2SOmTZ4,TF,Alberta wildfires,pm25,15.3
2019-07-01,Burns Lake,Burns Lake Fire Centre,https://go.nasa.gov/3oFhjcE,TF,Yukon wildfires,pm25,12.2
2019-07-08,Burns Lake,Burns Lake Fire Centre,https://go.nasa.gov/3uOE1A9,TF,Yukon wildfires,pm25,11.2
2019-07-09,Burns Lake,Burns Lake Fire Centre,https://go.nasa.gov/3muQaqd,TF,Yukon wildfires,pm25,11.3
2020-09-13,Burns Lake,Burns Lake Fire Centre,https://go.nasa.gov/2YAkvf5,TF,USA wildfires,pm25,2.1
2020-09-15,Burns Lake,Burns Lake Fire Centre,https://go.nasa.gov/3uNSeNC,TF,USA wildfires,pm25,6.7
2020-09-16,Burns Lake,Burns Lake Fire Centre,https://go.nasa.gov/2YsFGjg,TF,USA wildfires,pm25,11.2
2020-09-17,Burns Lake,Burns Lake Fire Centre,https://go.nasa.gov/3ljQNn1,TF,USA wildfires,pm25,13.5
2020-09-18,Burns Lake,Burns Lake Fire Centre,https://go.nasa.gov/3008fVr,TF,USA wildfires,pm25,15.2
2021-06-30,Burns Lake,Burns Lake Fire Centre,https://go.nasa.gov/3Aj4hnu,TF,BC wildfires,pm25,5.6
2021-07-13,Burns Lake,Burns Lake Fire Centre,https://go.nasa.gov/3iFqXs1,TF,BC wildfires,pm25,14.7
2021-07-30,Burns Lake,Burns Lake Fire Centre,https://go.nasa.gov/3ageu9t,TF,BC wildfires,pm25,8.7
2021-07-31,Burns Lake,Burns Lake Fire Centre,https://go.nasa.gov/3ljlIji ,TF,BC wildfires,pm25,11.5
2021-08-01,Burns Lake,Burns Lake Fire Centre,https://go.nasa.gov/3DmyEeq ,TF,BC wildfires,pm25,31.1
2023-05-04,Chetwynd,Chetwynd 51 Street,https://go.nasa.gov/3X4cKJj,TF,BC wildfires; Alberta wildfires,pm10,59.25
2023-05-05,Chetwynd,Chetwynd 51 Street,https://go.nasa.gov/3Qq4GPb,TF,Alberta wildfires,pm10,97.13
2023-05-06,Chetwynd,Chetwynd 51 Street,https://go.nasa.gov/3X091MV,TF,Alberta wildfires,pm10,142.46
2023-05-07,Chetwynd,Chetwynd 51 Street,https://go.nasa.gov/4hUasEy,TF,Alberta wildfires,pm10,82.08
2023-05-08,Chetwynd,Chetwynd 51 Street,https://go.nasa.gov/41g60KL,TF,Alberta wildfires,pm10,25.96
2023-05-09,Chetwynd,Chetwynd 51 Street,https://go.nasa.gov/4hZgQKN,TF,Alberta wildfires,pm10,52.87
2023-05-10,Chetwynd,Chetwynd 51 Street,https://go.nasa.gov/4hWow0o,TF,Alberta wildfires,pm10,66.13
2023-05-11,Chetwynd,Chetwynd 51 Street,https://go.nasa.gov/3CSvF2P,TF,Alberta wildfires,pm10,41
2023-05-12,Chetwynd,Chetwynd 51 Street,https://go.nasa.gov/4hZN3li,TF,Alberta wildfires,pm10,27.65
2023-05-13,Chetwynd,Chetwynd 51 Street,https://go.nasa.gov/3QjTB29,TF,BC wildfires,pm10,24.7
2023-05-14,Chetwynd,Chetwynd 51 Street,https://go.nasa.gov/4hWOD7t,TF,BC wildfires,pm10,34
2023-05-15,Chetwynd,Chetwynd 51 Street,https://go.nasa.gov/3EEftms,TF,BC wildfires,pm10,158.52
2023-05-16,Chetwynd,Chetwynd 51 Street,https://go.nasa.gov/40TKkCW,TF,BC wildfires,pm10,144.5
2023-05-17,Chetwynd,Chetwynd 51 Street,https://go.nasa.gov/3X4aQbL,TF,BC wildfires; Alberta wildfires,pm10,91.38
2023-05-18,Chetwynd,Chetwynd 51 Street,https://go.nasa.gov/3D4od4G,TF,BC wildfires; Alberta wildfires,pm10,181.5
2023-05-19,Chetwynd,Chetwynd 51 Street,https://go.nasa.gov/42XRHfs,TF,BC wildfires; Alberta wildfires,pm10,398.88
2023-05-20,Chetwynd,Chetwynd 51 Street,https://go.nasa.gov/3CDWO9S,TF,BC wildfires; Alberta wildfires,pm10,285.29
2023-05-21,Chetwynd,Chetwynd 51 Street,https://go.nasa.gov/42YCfPY,TF,BC wildfires; Alberta wildfires,pm10,22.17
2023-05-22,Chetwynd,Chetwynd 51 Street,https://go.nasa.gov/4hF28sE,TF,BC wildfires; Alberta wildfires,pm10,35.79
2023-06-08,Chetwynd,Chetwynd 51 Street,https://go.nasa.gov/3QEIXn7,TF,BC wildfires; Alberta wildfires,pm10,NA
2023-06-09,Chetwynd,Chetwynd 51 Street,https://go.nasa.gov/3CSwFE7,TF,BC wildfires; Alberta wildfires,pm10,NA
2023-06-10,Chetwynd,Chetwynd 51 Street,https://go.nasa.gov/4ke4dO7,TF,BC wildfires; Alberta wildfires,pm10,NA
2023-06-11,Chetwynd,Chetwynd 51 Street,https://go.nasa.gov/3EB5f6a,TF,BC wildfires; Alberta wildfires,pm10,NA
2023-06-12,Chetwynd,Chetwynd 51 Street,https://go.nasa.gov/4k1UASc,TF,BC wildfires; Alberta wildfires,pm10,NA
2023-06-14,Chetwynd,Chetwynd 51 Street,https://go.nasa.gov/4b8pvsg,TF,BC wildfires; Alberta wildfires,pm10,NA
2023-06-15,Chetwynd,Chetwynd 51 Street,https://go.nasa.gov/3QhhEiv,TF,BC wildfires; Alberta wildfires,pm10,NA
2023-06-18,Chetwynd,Chetwynd 51 Street,https://go.nasa.gov/4hZOQXy,TF,BC wildfires; Alberta wildfires,pm10,NA
2023-06-20,Chetwynd,Chetwynd 51 Street,https://go.nasa.gov/4gKFD4h,TF,BC wildfires; Alberta wildfires,pm10,25.45
2023-06-22,Chetwynd,Chetwynd 51 Street,https://go.nasa.gov/3X03zcI,TF,BC wildfires; Alberta wildfires,pm10,NA
2023-06-24,Chetwynd,Chetwynd 51 Street,https://go.nasa.gov/412kwVa,TF,BC wildfires; Alberta wildfires,pm10,NA
2023-06-25,Chetwynd,Chetwynd 51 Street,https://go.nasa.gov/416mDHQ,TF,BC wildfires; Alberta wildfires,pm10,NA
2023-06-26,Chetwynd,Chetwynd 51 Street,https://go.nasa.gov/41hBoc7,TF,BC wildfires; Alberta wildfires,pm10,NA
2023-06-27,Chetwynd,Chetwynd 51 Street,https://go.nasa.gov/42Yru06,TF,BC wildfires; Alberta wildfires,pm10,NA
2023-06-29,Chetwynd,Chetwynd 51 Street,https://go.nasa.gov/413cR94,TF,BC wildfires; Alberta wildfires,pm10,NA
2023-06-30,Chetwynd,Chetwynd 51 Street,https://go.nasa.gov/4hDlWwm,TF,BC wildfires; Alberta wildfires,pm10,NA
2023-07-01,Chetwynd,Chetwynd 51 Street,https://go.nasa.gov/4hIkvNy,TF,BC wildfires; Alberta wildfires,pm10,NA
2023-07-02,Chetwynd,Chetwynd 51 Street,https://go.nasa.gov/3EFxKzK,TF,BC wildfires; Alberta wildfires,pm10,NA
2023-07-03,Chetwynd,Chetwynd 51 Street,https://go.nasa.gov/41rdqLD,TF,BC wildfires; Alberta wildfires,pm10,NA
2023-07-04,Chetwynd,Chetwynd 51 Street,https://go.nasa.gov/4gD2mz3,TF,BC wildfires; Alberta wildfires,pm10,NA
2023-07-05,Chetwynd,Chetwynd 51 Street,https://go.nasa.gov/4gNiDSa,TF,BC wildfires; Alberta wildfires,pm10,NA
2023-07-06,Chetwynd,Chetwynd 51 Street,https://go.nasa.gov/41hEGMr,TF,BC wildfires; Alberta wildfires,pm10,NA
2023-07-07,Chetwynd,Chetwynd 51 Street,https://go.nasa.gov/4gGyPEP,TF,BC wildfires; Alberta wildfires,pm10,NA
2023-07-08,Chetwynd,Chetwynd 51 Street,https://go.nasa.gov/42XVVUm,TF,BC wildfires,pm10,NA
2023-07-09,Chetwynd,Chetwynd 51 Street,https://go.nasa.gov/4b3HUpR,TF,BC wildfires; Alberta wildfires,pm10,NA
2023-07-10,Chetwynd,Chetwynd 51 Street,https://go.nasa.gov/4gGiqjI,TF,BC wildfires; Alberta wildfires,pm10,NA
2023-07-11,Chetwynd,Chetwynd 51 Street,https://go.nasa.gov/4gGi6l6,TF,BC wildfires; Alberta wildfires,pm10,NA
2023-07-12,Chetwynd,Chetwynd 51 Street,https://go.nasa.gov/4aZWBdM,TF,BC wildfires; Alberta wildfires,pm10,NA
2023-07-13,Chetwynd,Chetwynd 51 Street,https://go.nasa.gov/4jXtiwu,TF,BC wildfires; Alberta wildfires,pm10,NA
2023-07-14,Chetwynd,Chetwynd 51 Street,https://go.nasa.gov/3QgTnsP,TF,BC wildfires; Alberta wildfires,pm10,NA
2023-07-15,Chetwynd,Chetwynd 51 Street,https://go.nasa.gov/3EG3wwE,TF,BC wildfires; Alberta wildfires,pm10,NA
2023-07-16,Chetwynd,Chetwynd 51 Street,https://go.nasa.gov/4k2EFn0,TF,BC wildfires; Alberta wildfires,pm10,NA
2023-07-17,Chetwynd,Chetwynd 51 Street,https://go.nasa.gov/3X0zKJ8,TF,BC wildfires; Alberta wildfires,pm10,NA
2023-07-18,Chetwynd,Chetwynd 51 Street,https://go.nasa.gov/4k0QZUI,TF,BC wildfires; Alberta wildfires,pm10,NA
2023-07-19,Chetwynd,Chetwynd 51 Street,https://go.nasa.gov/4k0R0YM,TF,BC wildfires; Alberta wildfires,pm10,NA
2023-07-20,Chetwynd,Chetwynd 51 Street,https://go.nasa.gov/4bigTPX,TF,BC wildfires; Alberta wildfires,pm10,NA
2023-07-21,Chetwynd,Chetwynd 51 Street,https://go.nasa.gov/3X3kgUG,TF,BC wildfires; Alberta wildfires,pm10,NA
2023-08-04,Chetwynd,Chetwynd 51 Street,https://go.nasa.gov/4b5FdUL,TF,BC wildfires,pm10,15.46
2023-08-05,Chetwynd,Chetwynd 51 Street,https://go.nasa.gov/4b0SvBW,TF,BC wildfires,pm10,18.75
2023-08-06,Chetwynd,Chetwynd 51 Street,https://go.nasa.gov/4k2VAph,TF,BC wildfires,pm10,26.25
2023-08-07,Chetwynd,Chetwynd 51 Street,https://go.nasa.gov/4b5lAw1,TF,BC wildfires,pm10,28.67
2023-08-19,Chetwynd,Chetwynd 51 Street,https://go.nasa.gov/418lTC2,TF,BC wildfires,pm10,91
2023-08-21,Chetwynd,Chetwynd 51 Street,https://go.nasa.gov/432tHHR,TF,BC wildfires,pm10,NA
2023-08-22,Chetwynd,Chetwynd 51 Street,https://go.nasa.gov/4hXl99q,TF,BC wildfires,pm10,NA
2023-08-23,Chetwynd,Chetwynd 51 Street,https://go.nasa.gov/41juS4C,TF,BC wildfires,pm10,NA
2023-08-24,Chetwynd,Chetwynd 51 Street,https://go.nasa.gov/4gIzhCv,TF,BC wildfires,pm10,NA
2023-08-25,Chetwynd,Chetwynd 51 Street,https://go.nasa.gov/4i1mmMZ,TF,BC wildfires,pm10,NA
2023-08-26,Chetwynd,Chetwynd 51 Street,https://go.nasa.gov/4gEYrSw,TF,BC wildfires,pm10,NA
2023-08-27,Chetwynd,Chetwynd 51 Street,https://go.nasa.gov/3CXjD8r,TF,BC wildfires,pm10,NA
2023-08-28,Chetwynd,Chetwynd 51 Street,https://go.nasa.gov/3CJ0FT3,TF,BC wildfires,pm10,NA
2023-08-29,Chetwynd,Chetwynd 51 Street,https://go.nasa.gov/3EI9kFV,TF,BC wildfires,pm10,NA
2023-08-30,Chetwynd,Chetwynd 51 Street,https://go.nasa.gov/4jULVkJ,TF,BC wildfires,pm10,NA
2023-08-31,Chetwynd,Chetwynd 51 Street,https://go.nasa.gov/4gIQQSQ,TF,BC wildfires,pm10,NA
2023-09-01,Chetwynd,Chetwynd 51 Street,https://go.nasa.gov/3ECaYJc,TF,BC wildfires,pm10,NA
2023-09-02,Chetwynd,Chetwynd 51 Street,https://go.nasa.gov/4b5HqQ3,TF,BC wildfires,pm10,NA
2023-09-03,Chetwynd,Chetwynd 51 Street,https://go.nasa.gov/4hVyUFu,TF,BC wildfires,pm10,NA
2023-09-04,Chetwynd,Chetwynd 51 Street,https://go.nasa.gov/412H20d,TF,BC wildfires,pm10,NA
2023-09-05,Chetwynd,Chetwynd 51 Street,https://go.nasa.gov/415f3Nk,TF,BC wildfires,pm10,NA
2023-09-06,Chetwynd,Chetwynd 51 Street,https://go.nasa.gov/3EHAX1K,TF,BC wildfires,pm10,NA
2023-09-07,Chetwynd,Chetwynd 51 Street,https://go.nasa.gov/4148Jpy,TF,BC wildfires,pm10,NA
2023-09-08,Chetwynd,Chetwynd 51 Street,https://go.nasa.gov/4hRYVWA,TF,BC wildfires,pm10,NA
2023-09-11,Chetwynd,Chetwynd 51 Street,https://go.nasa.gov/3D3cOlF,TF,BC wildfires,pm10,NA
2023-09-12,Chetwynd,Chetwynd 51 Street,https://go.nasa.gov/41jmaTO,TF,BC wildfires,pm10,NA
2023-09-13,Chetwynd,Chetwynd 51 Street,https://go.nasa.gov/434kBKV,TF,BC wildfires,pm10,NA
2023-09-14,Chetwynd,Chetwynd 51 Street,https://go.nasa.gov/3X3cKJu,TF,BC wildfires,pm10,NA
2023-09-15,Chetwynd,Chetwynd 51 Street,https://go.nasa.gov/40U0kF2,TF,BC wildfires,pm10,NA
2023-09-16,Chetwynd,Chetwynd 51 Street,https://go.nasa.gov/41hpnDf,TF,BC wildfires,pm10,NA
2023-09-17,Chetwynd,Chetwynd 51 Street,https://go.nasa.gov/42YuWb3,TF,BC wildfires,pm10,NA
2023-09-20,Chetwynd,Chetwynd 51 Street,https://go.nasa.gov/3CFZfZy,TF,BC wildfires,pm10,NA
2023-09-21,Chetwynd,Chetwynd 51 Street,https://go.nasa.gov/41mjo0g,TF,BC wildfires,pm10,NA
2023-09-22,Chetwynd,Chetwynd 51 Street,https://go.nasa.gov/4i0Izuz,TF,BC wildfires,pm10,NA
2023-09-23,Chetwynd,Chetwynd 51 Street,https://go.nasa.gov/4hS1Zly,TF,BC wildfires,pm10,NA
2023-09-24,Chetwynd,Chetwynd 51 Street,https://go.nasa.gov/41jIpZZ,TF,BC wildfires,pm10,NA
2023-09-25,Chetwynd,Chetwynd 51 Street,https://go.nasa.gov/3X3b3vR,TF,BC wildfires,pm10,NA
2023-09-26,Chetwynd,Chetwynd 51 Street,https://go.nasa.gov/3X3pCzA,TF,BC wildfires,pm10,NA
2023-09-28,Chetwynd,Chetwynd 51 Street,https://go.nasa.gov/3QiDkL7,TF,BC wildfires,pm10,NA
2023-09-29,Chetwynd,Chetwynd 51 Street,https://go.nasa.gov/4hEfd5p,TF,BC wildfires,pm10,NA
2023-09-30,Chetwynd,Chetwynd 51 Street,https://go.nasa.gov/42SRAlc,TF,BC wildfires,pm10,NA
2024-05-10,Chetwynd,Chetwynd 51 Street,https://go.nasa.gov/4hC6twM,TF,BC wildfires,pm10,52.38
2024-05-11,Chetwynd,Chetwynd 51 Street,https://go.nasa.gov/4i0dQxE,TF,BC wildfires,pm10,309.29
2024-05-12,Chetwynd,Chetwynd 51 Street,https://go.nasa.gov/3X1vrgM,TF,BC wildfires,pm10,24.17
2024-05-13,Chetwynd,Chetwynd 51 Street,https://go.nasa.gov/42QUQNX,TF,BC wildfires,pm10,40.58
2024-05-14,Chetwynd,Chetwynd 51 Street,https://go.nasa.gov/3Qhpl8a,TF,BC wildfires,pm10,27.46
2024-05-15,Chetwynd,Chetwynd 51 Street,https://go.nasa.gov/3CRifEi,TF,BC wildfires,pm10,19.54
2024-07-08,Chetwynd,Chetwynd 51 Street,https://go.nasa.gov/3Qi0roP,TF,BC wildfires,pm10,45.83
2024-07-10,Chetwynd,Chetwynd 51 Street,https://go.nasa.gov/3X1a3bE,TF,BC wildfires,pm10,41.39
2024-07-19,Chetwynd,Chetwynd 51 Street,https://go.nasa.gov/42YxJku,TF,BC wildfires,pm10,177.38
2024-07-20,Chetwynd,Chetwynd 51 Street,https://go.nasa.gov/40VMD8F,TF,BC wildfires,pm10,72.38
2024-07-21,Chetwynd,Chetwynd 51 Street,https://go.nasa.gov/40WAhwZ,TF,BC wildfires,pm10,62.21
2024-07-22,Chetwynd,Chetwynd 51 Street,https://go.nasa.gov/3QkEPsg,TF,BC wildfires,pm10,71.67
2024-07-26,Chetwynd,Chetwynd 51 Street,https://go.nasa.gov/3X46od3,TF,BC wildfires,pm10,19.96
2024-07-27,Chetwynd,Chetwynd 51 Street,https://go.nasa.gov/4gGJH5u,TF,BC wildfires,pm10,16.21
2024-08-11,Chetwynd,Chetwynd 51 Street,https://go.nasa.gov/3CRlfk2,TF,BC wildfires,pm10,34.67
2024-08-12,Chetwynd,Chetwynd 51 Street,https://go.nasa.gov/3CHXPxE,TF,BC wildfires,pm10,33.58
2024-08-13,Chetwynd,Chetwynd 51 Street,https://go.nasa.gov/41f5uN3,TF,BC wildfires,pm10,60.75
2024-08-14,Chetwynd,Chetwynd 51 Street,https://go.nasa.gov/3Qk7ttq,TF,BC wildfires,pm10,51.21
2024-08-15,Chetwynd,Chetwynd 51 Street,https://go.nasa.gov/41gltux,TF,BC wildfires,pm10,47.67
2024-08-16,Chetwynd,Chetwynd 51 Street,https://go.nasa.gov/3QkIZ34,TF,BC wildfires,pm10,26.39
2024-08-17,Chetwynd,Chetwynd 51 Street,https://go.nasa.gov/42XwqSX,TF,BC wildfires,pm10,28.46
2024-08-18,Chetwynd,Chetwynd 51 Street,https://go.nasa.gov/3X1L5sA,TF,BC wildfires,pm10,26.83
2024-08-19,Chetwynd,Chetwynd 51 Street,https://go.nasa.gov/4i13ihJ,TF,BC wildfires,pm10,23.46
2024-08-20,Chetwynd,Chetwynd 51 Street,https://go.nasa.gov/3EHnK9d,TF,BC wildfires,pm10,21.5
2024-09-06,Chetwynd,Chetwynd 51 Street,https://go.nasa.gov/4hXHO5E,TF,BC wildfires,pm10,33.83
2024-09-07,Chetwynd,Chetwynd 51 Street,https://go.nasa.gov/3EE6C45,TF,BC wildfires,pm10,35.42
2024-09-08,Chetwynd,Chetwynd 51 Street,https://go.nasa.gov/4b8mUP2,TF,BC wildfires,pm10,59.46
2024-09-11,Chetwynd,Chetwynd 51 Street,https://go.nasa.gov/41hxC2r,TF,BC wildfires,pm10,50.96
2017-07-09,Fort St John,Fort St John 85th Avenue,https://go.nasa.gov/2SRe9lb,TF,BC wildfires,pm25,7.8
2017-07-11,Fort St John,Fort St John 85th Avenue,https://go.nasa.gov/33F3bp0,TF,BC wildfires,pm25,12.6
2017-07-12,Fort St John,Fort St John 85th Avenue,https://go.nasa.gov/2FccdAf,TF,BC wildfires,pm25,20.8
2017-07-13,Fort St John,Fort St John 85th Avenue,https://go.nasa.gov/2GKiQu6,TF,BC wildfires,pm25,13.5
2017-07-14,Fort St John,Fort St John 85th Avenue,https://go.nasa.gov/3jDR0hH,TF,BC wildfires,pm25,16.6
2017-07-15,Fort St John,Fort St John 85th Avenue,https://go.nasa.gov/3iCOaIs,TF,BC wildfires,pm25,27.6
2017-07-19,Fort St John,Fort St John 85th Avenue,https://go.nasa.gov/3iFdVbf,TF,BC wildfires,pm25,9.4
2017-07-20,Fort St John,Fort St John 85th Avenue,https://go.nasa.gov/3df3MB0,TF,BC wildfires,pm25,7.5
2017-07-26,Fort St John,Fort St John 85th Avenue,https://go.nasa.gov/34HKfVI,TF,BC wildfires,pm25,8.6
2017-08-12,Fort St John,Fort St John 85th Avenue,https://go.nasa.gov/3lk73lg,TF,BC wildfires; Alberta wildfires,pm25,13.3
2017-08-13,Fort St John,Fort St John 85th Avenue,https://go.nasa.gov/3nvv1Mf,TF,BC wildfires,pm25,29
2017-08-30,Fort St John,Fort St John 85th Avenue,https://go.nasa.gov/33IlsSs,TF,BC wildfires,pm25,7.2
2017-09-05,Fort St John,Fort St John 85th Avenue,https://go.nasa.gov/2GDUcvw,TF,BC wildfires,pm25,8.5
2017-09-06,Fort St John,Fort St John 85th Avenue,https://go.nasa.gov/3jIYLTn,TF,BC wildfires,pm25,12
2017-09-07,Fort St John,Fort St John 85th Avenue,https://go.nasa.gov/2GMvvg3,TF,BC wildfires,pm25,39.2
2018-05-29,Fort St John,Fort St John 85th Avenue,TF_EE evidence directory,TF,BC wildfires,pm25,7.2
2018-07-23,Fort St John,Fort St John 85th Avenue,https://go.nasa.gov/3uOHPkN,TF,BC wildfires,pm25,NA
2018-07-24,Fort St John,Fort St John 85th Avenue,https://go.nasa.gov/34MYIQx,TF,BC wildfires,pm25,NA
2018-07-25,Fort St John,Fort St John 85th Avenue,https://go.nasa.gov/30SwpPe,TF,BC wildfires,pm25,NA
2018-07-26,Fort St John,Fort St John 85th Avenue,https://go.nasa.gov/30TFU0B,TF,BC wildfires,pm25,NA
2018-07-27,Fort St John,Fort St John 85th Avenue,https://go.nasa.gov/3iRD4PL,TF,BC wildfires,pm25,NA
2018-07-28,Fort St John,Fort St John 85th Avenue,https://go.nasa.gov/3iNwl9I,TF,BC wildfires,pm25,NA
2018-07-31,Fort St John,Fort St John 85th Avenue,https://go.nasa.gov/3weyWmC,TF,BC wildfires,pm25,NA
2018-08-02,Fort St John,Fort St John 85th Avenue,https://go.nasa.gov/375063w,TF,BC wildfires,pm25,NA
2018-08-03,Fort St John,Fort St John 85th Avenue,https://go.nasa.gov/3le8IeR,TF,BC wildfires,pm25,21
2018-08-06,Fort St John,Fort St John 85th Avenue,https://go.nasa.gov/30YNAyI,TF,BC wildfires,pm25,18
2018-08-07,Fort St John,Fort St John 85th Avenue,https://go.nasa.gov/3jVhfQJ,TF,BC wildfires,pm25,25.4
2018-08-08,Fort St John,Fort St John 85th Avenue,https://go.nasa.gov/36Yj390,TF,BC wildfires,pm25,42.8
2018-08-09,Fort St John,Fort St John 85th Avenue,https://go.nasa.gov/370SXBi,TF,BC wildfires,pm25,112.4
2018-08-10,Fort St John,Fort St John 85th Avenue,https://go.nasa.gov/370Ix4L,TF,BC wildfires,pm25,80.8
2018-08-11,Fort St John,Fort St John 85th Avenue,https://go.nasa.gov/33SunAw,TF,BC wildfires,pm25,9.2
2018-08-13,Fort St John,Fort St John 85th Avenue,https://go.nasa.gov/33T6bxV,TF,BC wildfires,pm25,15.6
2018-08-14,Fort St John,Fort St John 85th Avenue,https://go.nasa.gov/313dsJK,TF,BC wildfires,pm25,42.6
2018-08-15,Fort St John,Fort St John 85th Avenue,https://go.nasa.gov/3dp50cN,TF,BC wildfires,pm25,38
2018-08-16,Fort St John,Fort St John 85th Avenue,https://go.nasa.gov/372QKVW,TF,BC wildfires,pm25,64.2
2018-08-17,Fort St John,Fort St John 85th Avenue,https://go.nasa.gov/3nP5DBp,TF,BC wildfires,pm25,70.5
2018-08-18,Fort St John,Fort St John 85th Avenue,https://go.nasa.gov/3dpiPIr,TF,BC wildfires,pm25,26.4
2018-08-19,Fort St John,Fort St John 85th Avenue,https://go.nasa.gov/314tYJE,TF,BC wildfires,pm25,25.9
2018-08-20,Fort St John,Fort St John 85th Avenue,https://go.nasa.gov/3nOjW9i,TF,BC wildfires,pm25,27.8
2018-08-21,Fort St John,Fort St John 85th Avenue,https://go.nasa.gov/3lFWt8k,TF,BC wildfires,pm25,86.5
2018-08-22,Fort St John,Fort St John 85th Avenue,https://go.nasa.gov/313YwLp,TF,BC wildfires,pm25,173
2018-08-23,Fort St John,Fort St John 85th Avenue,https://go.nasa.gov/3lD7o2o,TF,BC wildfires,pm25,8.8
2018-08-24,Fort St John,Fort St John 85th Avenue,https://go.nasa.gov/3dmRaaO,TF,BC wildfires,pm25,55.5
2018-08-25,Fort St John,Fort St John 85th Avenue,https://go.nasa.gov/3nNlKPO,TF,BC wildfires,pm25,51.1
2018-08-27,Fort St John,Fort St John 85th Avenue,https://go.nasa.gov/2SPmNjM,TF,BC wildfires,pm25,17.3
2019-05-23,Fort St John,Fort St John 85th Avenue,https://go.nasa.gov/350zQVA,TF,Alberta wildfires,pm25,22.8
2019-05-24,Fort St John,Fort St John 85th Avenue,https://go.nasa.gov/315w3oJ,TF,Alberta wildfires,pm25,29.2
2019-05-25,Fort St John,Fort St John 85th Avenue,https://go.nasa.gov/3lJrCYm,TF,Alberta wildfires,pm25,30.7
2019-05-26,Fort St John,Fort St John 85th Avenue,https://go.nasa.gov/3lMUq27,TF,Alberta wildfires,pm25,21.7
2019-05-27,Fort St John,Fort St John 85th Avenue,https://go.nasa.gov/2SOmTZ4,TF,Alberta wildfires,pm25,18.2
2019-05-29,Fort St John,Fort St John 85th Avenue,https://go.nasa.gov/3aehdAv,TF,Alberta wildfires,pm25,12.7
2019-05-30,Fort St John,Fort St John 85th Avenue,https://go.nasa.gov/3nNnd8U,TF,Alberta wildfires,pm25,25.5
2019-05-31,Fort St John,Fort St John 85th Avenue,https://go.nasa.gov/33VaBV6,TF,Alberta wildfires,pm25,170.5
2019-07-11,Fort St John,Fort St John 85th Avenue,https://go.nasa.gov/3AivUgb,TF,Yukon wildfires,pm25,11.6
2019-07-12,Fort St John,Fort St John 85th Avenue,https://go.nasa.gov/3lm5iHc,TF,Alberta wildfires,pm25,15
2019-07-13,Fort St John,Fort St John 85th Avenue,https://go.nasa.gov/3Dizkl9,TF,Alberta wildfires,pm25,16.3
2019-08-14,Fort St John,Fort St John 85th Avenue,https://go.nasa.gov/3nN1U7d,TF,Alberta wildfires,pm25,14.1
2020-08-01,Fort St John,Fort St John 85th Avenue,https://go.nasa.gov/2YwYcqo,TF,NWT wildfires,pm25,18.1
2020-09-13,Fort St John,Fort St John 85th Avenue,https://go.nasa.gov/2YAkvf5,TF,USA wildfires,pm25,2.2
2020-09-18,Fort St John,Fort St John 85th Avenue,https://go.nasa.gov/3008fVr,TF,USA wildfires,pm25,15.2
2020-09-19,Fort St John,Fort St John 85th Avenue,https://go.nasa.gov/3BpeCQa,TF,USA wildfires,pm25,20.5
2021-06-30,Fort St John,Fort St John 85th Avenue,https://go.nasa.gov/3Aj4hnu,TF,BC wildfires,pm25,31
2021-07-01,Fort St John,Fort St John 85th Avenue,https://go.nasa.gov/3uOw262,TF,BC wildfires,pm25,16.6
2021-07-07,Fort St John,Fort St John 85th Avenue,https://go.nasa.gov/3AlNS1i,TF,BC wildfires,pm25,20.9
2021-07-08,Fort St John,Fort St John 85th Avenue,https://go.nasa.gov/3llzaTU,TF,BC wildfires,pm25,24.1
2021-07-09,Fort St John,Fort St John 85th Avenue,https://go.nasa.gov/309UILj,TF,BC wildfires,pm25,20.7
2021-07-10,Fort St John,Fort St John 85th Avenue,https://go.nasa.gov/2YqQu1m,TF,BC wildfires,pm25,19.8
2021-07-12,Fort St John,Fort St John 85th Avenue,https://go.nasa.gov/3ahMimM,TF,BC wildfires,pm25,24.4
2021-07-13,Fort St John,Fort St John 85th Avenue,https://go.nasa.gov/3iFqXs1,TF,BC wildfires,pm25,28.4
2021-07-14,Fort St John,Fort St John 85th Avenue,https://go.nasa.gov/3oInPzo,TF,BC wildfires,pm25,NA
2021-07-15,Fort St John,Fort St John 85th Avenue,https://go.nasa.gov/3agGLgd,TF,BC wildfires,pm25,NA
2021-07-20,Fort St John,Fort St John 85th Avenue,https://go.nasa.gov/3aeDXjR,TF,BC wildfires,pm25,23.3
2021-07-21,Fort St John,Fort St John 85th Avenue,https://go.nasa.gov/3oHg5xG,TF,BC wildfires,pm25,9.2
2021-07-31,Fort St John,Fort St John 85th Avenue,https://go.nasa.gov/3ljlIji ,TF,BC wildfires,pm25,21.8
2021-08-01,Fort St John,Fort St John 85th Avenue,https://go.nasa.gov/3DmyEeq ,TF,BC wildfires,pm25,31.6
2021-08-02,Fort St John,Fort St John 85th Avenue,https://go.nasa.gov/3FtHAk3 ,TF,BC wildfires,pm25,38.2
2021-08-03,Fort St John,Fort St John 85th Avenue,https://go.nasa.gov/3Bl6TT5 ,TF,BC wildfires,pm25,23.7
2021-08-05,Fort St John,Fort St John 85th Avenue,https://go.nasa.gov/3j08kPR ,TF,BC wildfires,pm25,10.2
2015-05-24,Fort St John,Fort St John Key Learning Centre,https://go.nasa.gov/3oxyxc1,TF,BC wildfires,pm25,20.5
2015-05-25,Fort St John,Fort St John Key Learning Centre,https://go.nasa.gov/34xBoG5,TF,BC wildfires,pm25,65.1
2015-05-26,Fort St John,Fort St John Key Learning Centre,https://go.nasa.gov/2I4b4Md,TF,BC wildfires,pm25,27.5
2015-05-27,Fort St John,Fort St John Key Learning Centre,https://go.nasa.gov/3mleF9e,TF,BC wildfires,pm25,18.1
2015-07-03,Fort St John,Fort St John Key Learning Centre,https://go.nasa.gov/3daQRQc,TF,Alberta wildfires,pm25,42.1
2015-07-04,Fort St John,Fort St John Key Learning Centre,https://go.nasa.gov/33C44i3,TF,Alberta wildfires,pm25,17.6
2015-07-06,Fort St John,Fort St John Key Learning Centre,https://go.nasa.gov/30L1vIz,TF,BC wildfires,pm25,20.3
2015-07-07,Fort St John,Fort St John Key Learning Centre,https://go.nasa.gov/2I8cUfa,TF,BC wildfires,pm25,17.9
2015-07-08,Fort St John,Fort St John Key Learning Centre,https://go.nasa.gov/2Szl4iq,TF,BC wildfires,pm25,18.5
2015-07-09,Fort St John,Fort St John Key Learning Centre,https://go.nasa.gov/3jHNHWD,TF,BC wildfires,pm25,31.4
2015-07-10,Fort St John,Fort St John Key Learning Centre,https://go.nasa.gov/33C54CP,TF,BC wildfires,pm25,30
2015-07-11,Fort St John,Fort St John Key Learning Centre,https://go.nasa.gov/34PecDF,TF,BC wildfires,pm25,22
2016-04-18,Fort St John,Fort St John Key Learning Centre,TF_EE evidence directory,TF,BC wildfires,pm25,13.9
2016-04-19,Fort St John,Fort St John Key Learning Centre,TF_EE evidence directory,TF,BC wildfires,pm25,7.5
2016-05-06,Fort St John,Fort St John Key Learning Centre,TF_EE evidence directory,TF,BC wildfires,pm25,11.6
2016-05-15,Fort St John,Fort St John Key Learning Centre,https://go.nasa.gov/3nyCkTx,TF,BC wildfires,pm25,19.4
2016-05-16,Fort St John,Fort St John Key Learning Centre,https://go.nasa.gov/30Py746,TF,BC wildfires; Alberta wildfires,pm25,15.5
2017-07-09,Fort St John,Fort St John Key Learning Centre,https://go.nasa.gov/2SRe9lb,TF,BC wildfires,pm25,9.9
2017-07-11,Fort St John,Fort St John Key Learning Centre,https://go.nasa.gov/33F3bp0,TF,BC wildfires,pm25,17.5
2017-07-12,Fort St John,Fort St John Key Learning Centre,https://go.nasa.gov/2FccdAf,TF,BC wildfires,pm25,24.6
2017-07-13,Fort St John,Fort St John Key Learning Centre,https://go.nasa.gov/2GKiQu6,TF,BC wildfires,pm25,15.6
2017-07-14,Fort St John,Fort St John Key Learning Centre,https://go.nasa.gov/3jDR0hH,TF,BC wildfires,pm25,18.1
2017-07-15,Fort St John,Fort St John Key Learning Centre,https://go.nasa.gov/3iCOaIs,TF,BC wildfires,pm25,28.3
2017-07-19,Fort St John,Fort St John Key Learning Centre,https://go.nasa.gov/3iFdVbf,TF,BC wildfires,pm25,10.9
2017-07-20,Fort St John,Fort St John Key Learning Centre,https://go.nasa.gov/3df3MB0,TF,BC wildfires,pm25,7.3
2017-07-26,Fort St John,Fort St John Key Learning Centre,https://go.nasa.gov/34HKfVI,TF,BC wildfires,pm25,10.8
2017-08-12,Fort St John,Fort St John Key Learning Centre,https://go.nasa.gov/3lk73lg,TF,BC wildfires; Alberta wildfires,pm25,16
2017-08-13,Fort St John,Fort St John Key Learning Centre,https://go.nasa.gov/3nvv1Mf,TF,BC wildfires,pm25,46.7
2017-08-30,Fort St John,Fort St John Key Learning Centre,https://go.nasa.gov/33IlsSs,TF,BC wildfires,pm25,10.6
2017-09-05,Fort St John,Fort St John Key Learning Centre,https://go.nasa.gov/2GDUcvw,TF,BC wildfires,pm25,11.6
2017-09-06,Fort St John,Fort St John Key Learning Centre,https://go.nasa.gov/3jIYLTn,TF,BC wildfires,pm25,20.2
2017-09-07,Fort St John,Fort St John Key Learning Centre,https://go.nasa.gov/2GMvvg3,TF,BC wildfires,pm25,49.4
2018-05-29,Fort St John,Fort St John Key Learning Centre,TF_EE evidence directory,TF,BC wildfires,pm25,14.9
2018-07-23,Fort St John,Fort St John Key Learning Centre,https://go.nasa.gov/3uOHPkN,TF,BC wildfires,pm25,5.1
2018-07-24,Fort St John,Fort St John Key Learning Centre,https://go.nasa.gov/34MYIQx,TF,BC wildfires,pm25,16.6
2018-07-25,Fort St John,Fort St John Key Learning Centre,https://go.nasa.gov/30SwpPe,TF,BC wildfires,pm25,18.3
2018-07-26,Fort St John,Fort St John Key Learning Centre,https://go.nasa.gov/30TFU0B,TF,BC wildfires,pm25,18
2018-07-27,Fort St John,Fort St John Key Learning Centre,https://go.nasa.gov/3iRD4PL,TF,BC wildfires,pm25,21.2
2018-07-28,Fort St John,Fort St John Key Learning Centre,https://go.nasa.gov/3iNwl9I,TF,BC wildfires,pm25,21.7
2018-07-31,Fort St John,Fort St John Key Learning Centre,https://go.nasa.gov/3weyWmC,TF,BC wildfires,pm25,9.2
2018-08-02,Fort St John,Fort St John Key Learning Centre,https://go.nasa.gov/375063w,TF,BC wildfires,pm25,12.3
2018-08-03,Fort St John,Fort St John Key Learning Centre,https://go.nasa.gov/3le8IeR,TF,BC wildfires,pm25,23.8
2018-08-06,Fort St John,Fort St John Key Learning Centre,https://go.nasa.gov/30YNAyI,TF,BC wildfires,pm25,15.4
2018-08-07,Fort St John,Fort St John Key Learning Centre,https://go.nasa.gov/3jVhfQJ,TF,BC wildfires,pm25,28.1
2018-08-08,Fort St John,Fort St John Key Learning Centre,https://go.nasa.gov/36Yj390,TF,BC wildfires,pm25,50.1
2018-08-09,Fort St John,Fort St John Key Learning Centre,https://go.nasa.gov/370SXBi,TF,BC wildfires,pm25,116
2018-08-10,Fort St John,Fort St John Key Learning Centre,https://go.nasa.gov/370Ix4L,TF,BC wildfires,pm25,92.1
2018-08-11,Fort St John,Fort St John Key Learning Centre,https://go.nasa.gov/33SunAw,TF,BC wildfires,pm25,10.4
2018-08-13,Fort St John,Fort St John Key Learning Centre,https://go.nasa.gov/33T6bxV,TF,BC wildfires,pm25,14.7
2018-08-14,Fort St John,Fort St John Key Learning Centre,https://go.nasa.gov/313dsJK,TF,BC wildfires,pm25,44.4
2018-08-15,Fort St John,Fort St John Key Learning Centre,https://go.nasa.gov/3dp50cN,TF,BC wildfires,pm25,36.4
2018-08-16,Fort St John,Fort St John Key Learning Centre,https://go.nasa.gov/372QKVW,TF,BC wildfires,pm25,67.9
2018-08-17,Fort St John,Fort St John Key Learning Centre,https://go.nasa.gov/3nP5DBp,TF,BC wildfires,pm25,66.2
2018-08-18,Fort St John,Fort St John Key Learning Centre,https://go.nasa.gov/3dpiPIr,TF,BC wildfires,pm25,24.2
2018-08-19,Fort St John,Fort St John Key Learning Centre,https://go.nasa.gov/314tYJE,TF,BC wildfires,pm25,26.7
2018-08-20,Fort St John,Fort St John Key Learning Centre,https://go.nasa.gov/3nOjW9i,TF,BC wildfires,pm25,27.7
2018-08-21,Fort St John,Fort St John Key Learning Centre,https://go.nasa.gov/3lFWt8k,TF,BC wildfires,pm25,103
2018-08-22,Fort St John,Fort St John Key Learning Centre,https://go.nasa.gov/313YwLp,TF,BC wildfires,pm25,178
2018-08-23,Fort St John,Fort St John Key Learning Centre,https://go.nasa.gov/3lD7o2o,TF,BC wildfires,pm25,7.6
2018-08-24,Fort St John,Fort St John Key Learning Centre,https://go.nasa.gov/3dmRaaO,TF,BC wildfires,pm25,57
2018-08-25,Fort St John,Fort St John Key Learning Centre,https://go.nasa.gov/3nNlKPO,TF,BC wildfires,pm25,49.4
2018-08-27,Fort St John,Fort St John Key Learning Centre,https://go.nasa.gov/2SPmNjM,TF,BC wildfires,pm25,16.8
2019-05-23,Fort St John,Fort St John Key Learning Centre,https://go.nasa.gov/350zQVA,TF,Alberta wildfires,pm25,29
2019-05-24,Fort St John,Fort St John Key Learning Centre,https://go.nasa.gov/315w3oJ,TF,Alberta wildfires,pm25,28.1
2019-05-25,Fort St John,Fort St John Key Learning Centre,https://go.nasa.gov/3lJrCYm,TF,Alberta wildfires,pm25,30.6
2019-05-26,Fort St John,Fort St John Key Learning Centre,https://go.nasa.gov/3lMUq27,TF,Alberta wildfires,pm25,19.7
2019-05-27,Fort St John,Fort St John Key Learning Centre,https://go.nasa.gov/2SOmTZ4,TF,Alberta wildfires,pm25,19.1
2019-05-29,Fort St John,Fort St John Key Learning Centre,https://go.nasa.gov/3aehdAv,TF,Alberta wildfires,pm25,13.2
2019-05-30,Fort St John,Fort St John Key Learning Centre,https://go.nasa.gov/3nNnd8U,TF,Alberta wildfires,pm25,38.6
2019-05-31,Fort St John,Fort St John Key Learning Centre,https://go.nasa.gov/33VaBV6,TF,Alberta wildfires,pm25,NA
2019-07-11,Fort St John,Fort St John Key Learning Centre,https://go.nasa.gov/3AivUgb,TF,Yukon wildfires,pm25,10.3
2019-07-12,Fort St John,Fort St John Key Learning Centre,https://go.nasa.gov/3lm5iHc,TF,Alberta wildfires,pm25,13.7
2019-07-13,Fort St John,Fort St John Key Learning Centre,https://go.nasa.gov/3Dizkl9,TF,Alberta wildfires,pm25,14.5
2019-08-14,Fort St John,Fort St John Key Learning Centre,https://go.nasa.gov/3nN1U7d,TF,Alberta wildfires,pm25,13.3
2020-08-01,Fort St John,Fort St John Key Learning Centre,https://go.nasa.gov/2YwYcqo,TF,NWT wildfires,pm25,22.1
2020-09-13,Fort St John,Fort St John Key Learning Centre,https://go.nasa.gov/2YAkvf5,TF,USA wildfires,pm25,3.5
2020-09-18,Fort St John,Fort St John Key Learning Centre,https://go.nasa.gov/3008fVr,TF,USA wildfires,pm25,12.4
2020-09-19,Fort St John,Fort St John Key Learning Centre,https://go.nasa.gov/3BpeCQa,TF,USA wildfires,pm25,25.3
2021-06-30,Fort St John,Fort St John Key Learning Centre,https://go.nasa.gov/3Aj4hnu,TF,BC wildfires,pm25,28.4
2021-07-01,Fort St John,Fort St John Key Learning Centre,https://go.nasa.gov/3uOw262,TF,BC wildfires,pm25,14.9
2021-07-07,Fort St John,Fort St John Key Learning Centre,https://go.nasa.gov/3AlNS1i,TF,BC wildfires,pm25,NA
2021-07-08,Fort St John,Fort St John Key Learning Centre,https://go.nasa.gov/3llzaTU,TF,BC wildfires,pm25,23.8
2021-07-09,Fort St John,Fort St John Key Learning Centre,https://go.nasa.gov/309UILj,TF,BC wildfires,pm25,16.2
2021-07-10,Fort St John,Fort St John Key Learning Centre,https://go.nasa.gov/2YqQu1m,TF,BC wildfires,pm25,22.6
2021-07-12,Fort St John,Fort St John Key Learning Centre,https://go.nasa.gov/3ahMimM,TF,BC wildfires,pm25,31.9
2021-07-13,Fort St John,Fort St John Key Learning Centre,https://go.nasa.gov/3iFqXs1,TF,BC wildfires,pm25,31.9
2021-07-14,Fort St John,Fort St John Key Learning Centre,https://go.nasa.gov/3oInPzo,TF,BC wildfires,pm25,30.3
2021-07-15,Fort St John,Fort St John Key Learning Centre,https://go.nasa.gov/3agGLgd,TF,BC wildfires,pm25,20.4
2021-07-20,Fort St John,Fort St John Key Learning Centre,https://go.nasa.gov/3aeDXjR,TF,BC wildfires,pm25,26.2
2021-07-21,Fort St John,Fort St John Key Learning Centre,https://go.nasa.gov/3oHg5xG,TF,BC wildfires,pm25,10.4
2021-07-31,Fort St John,Fort St John Key Learning Centre,https://go.nasa.gov/3ljlIji ,TF,BC wildfires,pm25,29.5
2021-08-01,Fort St John,Fort St John Key Learning Centre,https://go.nasa.gov/3DmyEeq ,TF,BC wildfires,pm25,33.6
2021-08-02,Fort St John,Fort St John Key Learning Centre,https://go.nasa.gov/3FtHAk3 ,TF,BC wildfires,pm25,46.2
2021-08-03,Fort St John,Fort St John Key Learning Centre,https://go.nasa.gov/3Bl6TT5 ,TF,BC wildfires,pm25,27.9
2021-08-05,Fort St John,Fort St John Key Learning Centre,https://go.nasa.gov/3j08kPR ,TF,BC wildfires,pm25,12.1
2023-05-05,Fort St John,Fort St John Key Learning Centre,https://go.nasa.gov/3Qq4GPb,TF,Alberta wildfires,pm25,78.2
2023-05-06,Fort St John,Fort St John Key Learning Centre,https://go.nasa.gov/3X091MV,TF,Alberta wildfires,pm25,106.1
2023-05-07,Fort St John,Fort St John Key Learning Centre,https://go.nasa.gov/4hUasEy,TF,Alberta wildfires,pm25,100
2023-05-08,Fort St John,Fort St John Key Learning Centre,https://go.nasa.gov/41g60KL,TF,Alberta wildfires,pm25,33.1
2023-05-09,Fort St John,Fort St John Key Learning Centre,https://go.nasa.gov/4hZgQKN,TF,Alberta wildfires,pm25,66.7
2023-05-10,Fort St John,Fort St John Key Learning Centre,https://go.nasa.gov/4hWow0o,TF,Alberta wildfires,pm25,42.3
2023-05-11,Fort St John,Fort St John Key Learning Centre,https://go.nasa.gov/3CSvF2P,TF,Alberta wildfires,pm25,25.6
2023-05-12,Fort St John,Fort St John Key Learning Centre,https://go.nasa.gov/4hZN3li,TF,Alberta wildfires,pm25,7
2023-05-13,Fort St John,Fort St John Key Learning Centre,https://go.nasa.gov/3QjTB29,TF,BC wildfires,pm25,9.3
2023-05-14,Fort St John,Fort St John Key Learning Centre,https://go.nasa.gov/4hWOD7t,TF,BC wildfires,pm25,41.8
2023-05-15,Fort St John,Fort St John Key Learning Centre,https://go.nasa.gov/3EEftms,TF,BC wildfires,pm25,82.5
2023-05-16,Fort St John,Fort St John Key Learning Centre,https://go.nasa.gov/40TKkCW,TF,BC wildfires,pm25,49.1
2023-05-17,Fort St John,Fort St John Key Learning Centre,https://go.nasa.gov/3X4aQbL,TF,BC wildfires; Alberta wildfires,pm25,86.8
2023-05-18,Fort St John,Fort St John Key Learning Centre,https://go.nasa.gov/3D4od4G,TF,BC wildfires; Alberta wildfires,pm25,175.1
2023-05-19,Fort St John,Fort St John Key Learning Centre,https://go.nasa.gov/42XRHfs,TF,BC wildfires; Alberta wildfires,pm25,461.1
2023-05-20,Fort St John,Fort St John Key Learning Centre,https://go.nasa.gov/3CDWO9S,TF,BC wildfires; Alberta wildfires,pm25,194.7
2023-05-21,Fort St John,Fort St John Key Learning Centre,https://go.nasa.gov/42YCfPY,TF,BC wildfires; Alberta wildfires,pm25,107.7
2023-05-22,Fort St John,Fort St John Key Learning Centre,https://go.nasa.gov/4hF28sE,TF,BC wildfires; Alberta wildfires,pm25,28.1
2023-06-08,Fort St John,Fort St John Key Learning Centre,https://go.nasa.gov/3QEIXn7,TF,BC wildfires; Alberta wildfires,pm25,NA
2023-06-09,Fort St John,Fort St John Key Learning Centre,https://go.nasa.gov/3CSwFE7,TF,BC wildfires; Alberta wildfires,pm25,NA
2023-06-10,Fort St John,Fort St John Key Learning Centre,https://go.nasa.gov/4ke4dO7,TF,BC wildfires; Alberta wildfires,pm25,NA
2023-06-11,Fort St John,Fort St John Key Learning Centre,https://go.nasa.gov/3EB5f6a,TF,BC wildfires; Alberta wildfires,pm25,NA
2023-06-12,Fort St John,Fort St John Key Learning Centre,https://go.nasa.gov/4k1UASc,TF,BC wildfires; Alberta wildfires,pm25,NA
2023-06-14,Fort St John,Fort St John Key Learning Centre,https://go.nasa.gov/4b8pvsg,TF,BC wildfires; Alberta wildfires,pm25,NA
2023-06-15,Fort St John,Fort St John Key Learning Centre,https://go.nasa.gov/3QhhEiv,TF,BC wildfires; Alberta wildfires,pm25,NA
2023-06-18,Fort St John,Fort St John Key Learning Centre,https://go.nasa.gov/4hZOQXy,TF,BC wildfires; Alberta wildfires,pm25,30.2
2023-06-20,Fort St John,Fort St John Key Learning Centre,https://go.nasa.gov/4gKFD4h,TF,BC wildfires; Alberta wildfires,pm25,22.7
2023-06-22,Fort St John,Fort St John Key Learning Centre,https://go.nasa.gov/3X03zcI,TF,BC wildfires; Alberta wildfires,pm25,58
2023-06-24,Fort St John,Fort St John Key Learning Centre,https://go.nasa.gov/412kwVa,TF,BC wildfires; Alberta wildfires,pm25,17.4
2023-06-25,Fort St John,Fort St John Key Learning Centre,https://go.nasa.gov/416mDHQ,TF,BC wildfires; Alberta wildfires,pm25,25.3
2023-06-26,Fort St John,Fort St John Key Learning Centre,https://go.nasa.gov/41hBoc7,TF,BC wildfires; Alberta wildfires,pm25,18.8
2023-06-27,Fort St John,Fort St John Key Learning Centre,https://go.nasa.gov/42Yru06,TF,BC wildfires; Alberta wildfires,pm25,17.4
2023-06-28,Fort St John,Fort St John Key Learning Centre,https://go.nasa.gov/41idjS8,TF,BC wildfires; Alberta wildfires,pm25,12.6
2023-06-29,Fort St John,Fort St John Key Learning Centre,https://go.nasa.gov/413cR94,TF,BC wildfires; Alberta wildfires,pm25,45
2023-06-30,Fort St John,Fort St John Key Learning Centre,https://go.nasa.gov/4hDlWwm,TF,BC wildfires; Alberta wildfires,pm25,41.5
2023-07-01,Fort St John,Fort St John Key Learning Centre,https://go.nasa.gov/4hIkvNy,TF,BC wildfires; Alberta wildfires,pm25,29.8
2023-07-02,Fort St John,Fort St John Key Learning Centre,https://go.nasa.gov/3EFxKzK,TF,BC wildfires; Alberta wildfires,pm25,15.2
2023-07-03,Fort St John,Fort St John Key Learning Centre,https://go.nasa.gov/41rdqLD,TF,BC wildfires; Alberta wildfires,pm25,17.1
2023-07-04,Fort St John,Fort St John Key Learning Centre,https://go.nasa.gov/4gD2mz3,TF,BC wildfires; Alberta wildfires,pm25,15
2023-07-05,Fort St John,Fort St John Key Learning Centre,https://go.nasa.gov/4gNiDSa,TF,BC wildfires; Alberta wildfires,pm25,24.3
2023-07-06,Fort St John,Fort St John Key Learning Centre,https://go.nasa.gov/41hEGMr,TF,BC wildfires; Alberta wildfires,pm25,59.3
2023-07-07,Fort St John,Fort St John Key Learning Centre,https://go.nasa.gov/4gGyPEP,TF,BC wildfires; Alberta wildfires,pm25,58.6
2023-07-08,Fort St John,Fort St John Key Learning Centre,https://go.nasa.gov/42XVVUm,TF,BC wildfires,pm25,32.5
2023-07-09,Fort St John,Fort St John Key Learning Centre,https://go.nasa.gov/4b3HUpR,TF,BC wildfires; Alberta wildfires,pm25,89.4
2023-07-10,Fort St John,Fort St John Key Learning Centre,https://go.nasa.gov/4gGiqjI,TF,BC wildfires; Alberta wildfires,pm25,142.1
2023-07-11,Fort St John,Fort St John Key Learning Centre,https://go.nasa.gov/4gGi6l6,TF,BC wildfires; Alberta wildfires,pm25,66.9
2023-07-12,Fort St John,Fort St John Key Learning Centre,https://go.nasa.gov/4aZWBdM,TF,BC wildfires; Alberta wildfires,pm25,44.4
2023-07-13,Fort St John,Fort St John Key Learning Centre,https://go.nasa.gov/4jXtiwu,TF,BC wildfires; Alberta wildfires,pm25,34.4
2023-07-14,Fort St John,Fort St John Key Learning Centre,https://go.nasa.gov/3QgTnsP,TF,BC wildfires; Alberta wildfires,pm25,50
2023-07-15,Fort St John,Fort St John Key Learning Centre,https://go.nasa.gov/3EG3wwE,TF,BC wildfires; Alberta wildfires,pm25,85.9
2023-07-16,Fort St John,Fort St John Key Learning Centre,https://go.nasa.gov/4k2EFn0,TF,BC wildfires; Alberta wildfires,pm25,84.3
2023-07-17,Fort St John,Fort St John Key Learning Centre,https://go.nasa.gov/3X0zKJ8,TF,BC wildfires; Alberta wildfires,pm25,26
2023-07-18,Fort St John,Fort St John Key Learning Centre,https://go.nasa.gov/4k0QZUI,TF,BC wildfires; Alberta wildfires,pm25,8.6
2023-07-19,Fort St John,Fort St John Key Learning Centre,https://go.nasa.gov/4k0R0YM,TF,BC wildfires; Alberta wildfires,pm25,41
2023-07-20,Fort St John,Fort St John Key Learning Centre,https://go.nasa.gov/4bigTPX,TF,BC wildfires; Alberta wildfires,pm25,53.1
2023-07-21,Fort St John,Fort St John Key Learning Centre,https://go.nasa.gov/3X3kgUG,TF,BC wildfires; Alberta wildfires,pm25,53.3
2023-07-22,Fort St John,Fort St John Key Learning Centre,https://go.nasa.gov/3X18D0w,TF,BC wildfires; Alberta wildfires,pm25,13
2023-07-30,Fort St John,Fort St John Key Learning Centre,https://go.nasa.gov/4gPi4au,TF,BC wildfires; Alberta wildfires,pm25,7.7
2023-07-31,Fort St John,Fort St John Key Learning Centre,https://go.nasa.gov/4146y5m,TF,BC wildfires; Alberta wildfires,pm25,15.4
2023-08-01,Fort St John,Fort St John Key Learning Centre,https://go.nasa.gov/3X35kWK,TF,BC wildfires; Alberta wildfires,pm25,26.1
2023-08-04,Fort St John,Fort St John Key Learning Centre,https://go.nasa.gov/4b5FdUL,TF,BC wildfires,pm25,13.4
2023-08-05,Fort St John,Fort St John Key Learning Centre,https://go.nasa.gov/4b0SvBW,TF,BC wildfires,pm25,15.9
2023-08-06,Fort St John,Fort St John Key Learning Centre,https://go.nasa.gov/4k2VAph,TF,BC wildfires,pm25,15.5
2023-08-07,Fort St John,Fort St John Key Learning Centre,https://go.nasa.gov/4b5lAw1,TF,BC wildfires,pm25,11.5
2023-08-21,Fort St John,Fort St John Key Learning Centre,https://go.nasa.gov/432tHHR,TF,BC wildfires,pm25,16.1
2023-08-22,Fort St John,Fort St John Key Learning Centre,https://go.nasa.gov/4hXl99q,TF,BC wildfires,pm25,22.5
2023-08-23,Fort St John,Fort St John Key Learning Centre,https://go.nasa.gov/41juS4C,TF,BC wildfires,pm25,57.1
2023-08-24,Fort St John,Fort St John Key Learning Centre,https://go.nasa.gov/4gIzhCv,TF,BC wildfires,pm25,76.5
2023-08-25,Fort St John,Fort St John Key Learning Centre,https://go.nasa.gov/4i1mmMZ,TF,BC wildfires,pm25,43.8
2023-08-26,Fort St John,Fort St John Key Learning Centre,https://go.nasa.gov/4gEYrSw,TF,BC wildfires,pm25,43.9
2023-08-27,Fort St John,Fort St John Key Learning Centre,https://go.nasa.gov/3CXjD8r,TF,BC wildfires,pm25,48.2
2023-08-28,Fort St John,Fort St John Key Learning Centre,https://go.nasa.gov/3CJ0FT3,TF,BC wildfires,pm25,66.7
2023-08-29,Fort St John,Fort St John Key Learning Centre,https://go.nasa.gov/3EI9kFV,TF,BC wildfires,pm25,81.7
2023-08-30,Fort St John,Fort St John Key Learning Centre,https://go.nasa.gov/4jULVkJ,TF,BC wildfires,pm25,66.6
2023-08-31,Fort St John,Fort St John Key Learning Centre,https://go.nasa.gov/4gIQQSQ,TF,BC wildfires,pm25,21.8
2023-09-01,Fort St John,Fort St John Key Learning Centre,https://go.nasa.gov/3ECaYJc,TF,BC wildfires,pm25,79.2
2023-09-02,Fort St John,Fort St John Key Learning Centre,https://go.nasa.gov/4b5HqQ3,TF,BC wildfires,pm25,144.6
2023-09-03,Fort St John,Fort St John Key Learning Centre,https://go.nasa.gov/4hVyUFu,TF,BC wildfires,pm25,132.8
2023-09-04,Fort St John,Fort St John Key Learning Centre,https://go.nasa.gov/412H20d,TF,BC wildfires,pm25,15.2
2023-09-05,Fort St John,Fort St John Key Learning Centre,https://go.nasa.gov/415f3Nk,TF,BC wildfires,pm25,39
2023-09-06,Fort St John,Fort St John Key Learning Centre,https://go.nasa.gov/3EHAX1K,TF,BC wildfires,pm25,41.8
2023-09-07,Fort St John,Fort St John Key Learning Centre,https://go.nasa.gov/4148Jpy,TF,BC wildfires,pm25,13.2
2023-09-08,Fort St John,Fort St John Key Learning Centre,https://go.nasa.gov/4hRYVWA,TF,BC wildfires,pm25,17
2023-09-11,Fort St John,Fort St John Key Learning Centre,https://go.nasa.gov/3D3cOlF,TF,BC wildfires,pm25,113.1
2023-09-12,Fort St John,Fort St John Key Learning Centre,https://go.nasa.gov/41jmaTO,TF,BC wildfires,pm25,134.5
2023-09-13,Fort St John,Fort St John Key Learning Centre,https://go.nasa.gov/434kBKV,TF,BC wildfires,pm25,14
2023-09-14,Fort St John,Fort St John Key Learning Centre,https://go.nasa.gov/3X3cKJu,TF,BC wildfires,pm25,17.8
2023-09-15,Fort St John,Fort St John Key Learning Centre,https://go.nasa.gov/40U0kF2,TF,BC wildfires,pm25,31.2
2023-09-16,Fort St John,Fort St John Key Learning Centre,https://go.nasa.gov/41hpnDf,TF,BC wildfires,pm25,25.2
2023-09-17,Fort St John,Fort St John Key Learning Centre,https://go.nasa.gov/42YuWb3,TF,BC wildfires,pm25,56
2023-09-20,Fort St John,Fort St John Key Learning Centre,https://go.nasa.gov/3CFZfZy,TF,BC wildfires,pm25,14.8
2023-09-21,Fort St John,Fort St John Key Learning Centre,https://go.nasa.gov/41mjo0g,TF,BC wildfires,pm25,18.5
2023-09-22,Fort St John,Fort St John Key Learning Centre,https://go.nasa.gov/4i0Izuz,TF,BC wildfires,pm25,14
2023-09-23,Fort St John,Fort St John Key Learning Centre,https://go.nasa.gov/4hS1Zly,TF,BC wildfires,pm25,10.4
2023-09-24,Fort St John,Fort St John Key Learning Centre,https://go.nasa.gov/41jIpZZ,TF,BC wildfires,pm25,202.1
2023-09-25,Fort St John,Fort St John Key Learning Centre,https://go.nasa.gov/3X3b3vR,TF,BC wildfires,pm25,150.7
2023-09-26,Fort St John,Fort St John Key Learning Centre,https://go.nasa.gov/3X3pCzA,TF,BC wildfires,pm25,22.5
2023-09-28,Fort St John,Fort St John Key Learning Centre,https://go.nasa.gov/3QiDkL7,TF,BC wildfires,pm25,31.2
2023-09-29,Fort St John,Fort St John Key Learning Centre,https://go.nasa.gov/4hEfd5p,TF,BC wildfires,pm25,31
2023-09-30,Fort St John,Fort St John Key Learning Centre,https://go.nasa.gov/42SRAlc,TF,BC wildfires,pm25,14.1
2024-05-10,Fort St John,Fort St John Key Learning Centre,https://go.nasa.gov/4hC6twM,TF,BC wildfires,pm25,48.4
2024-05-11,Fort St John,Fort St John Key Learning Centre,https://go.nasa.gov/4i0dQxE,TF,BC wildfires,pm25,NA
2024-05-12,Fort St John,Fort St John Key Learning Centre,https://go.nasa.gov/3X1vrgM,TF,BC wildfires,pm25,NA
2024-05-13,Fort St John,Fort St John Key Learning Centre,https://go.nasa.gov/42QUQNX,TF,BC wildfires,pm25,NA
2024-05-14,Fort St John,Fort St John Key Learning Centre,https://go.nasa.gov/3Qhpl8a,TF,BC wildfires,pm25,NA
2024-05-15,Fort St John,Fort St John Key Learning Centre,https://go.nasa.gov/3CRifEi,TF,BC wildfires,pm25,NA
2024-07-06,Fort St John,Fort St John Key Learning Centre,https://go.nasa.gov/3QECtEN,TF,BC wildfires,pm25,26.5
2024-07-08,Fort St John,Fort St John Key Learning Centre,https://go.nasa.gov/3Qi0roP,TF,BC wildfires,pm25,71.5
2024-07-12,Fort St John,Fort St John Key Learning Centre,https://go.nasa.gov/3ECGUNs,TF,BC wildfires,pm25,NA
2024-07-19,Fort St John,Fort St John Key Learning Centre,https://go.nasa.gov/42YxJku,TF,BC wildfires,pm25,319.3
2024-07-20,Fort St John,Fort St John Key Learning Centre,https://go.nasa.gov/40VMD8F,TF,BC wildfires,pm25,132.8
2024-07-21,Fort St John,Fort St John Key Learning Centre,https://go.nasa.gov/40WAhwZ,TF,BC wildfires,pm25,62.6
2024-07-22,Fort St John,Fort St John Key Learning Centre,https://go.nasa.gov/3QkEPsg,TF,BC wildfires,pm25,103.8
2024-07-26,Fort St John,Fort St John Key Learning Centre,https://go.nasa.gov/3X46od3,TF,BC wildfires,pm25,16.2
2024-07-27,Fort St John,Fort St John Key Learning Centre,https://go.nasa.gov/4gGJH5u,TF,BC wildfires,pm25,9.8
2024-08-11,Fort St John,Fort St John Key Learning Centre,https://go.nasa.gov/3CRlfk2,TF,BC wildfires,pm25,NA
2024-08-12,Fort St John,Fort St John Key Learning Centre,https://go.nasa.gov/3CHXPxE,TF,BC wildfires,pm25,NA
2024-08-13,Fort St John,Fort St John Key Learning Centre,https://go.nasa.gov/41f5uN3,TF,BC wildfires,pm25,NA
2024-08-14,Fort St John,Fort St John Key Learning Centre,https://go.nasa.gov/3Qk7ttq,TF,BC wildfires,pm25,NA
2024-08-15,Fort St John,Fort St John Key Learning Centre,https://go.nasa.gov/41gltux,TF,BC wildfires,pm25,NA
2024-08-16,Fort St John,Fort St John Key Learning Centre,https://go.nasa.gov/3QkIZ34,TF,BC wildfires,pm25,NA
2024-08-17,Fort St John,Fort St John Key Learning Centre,https://go.nasa.gov/42XwqSX,TF,BC wildfires,pm25,NA
2024-08-18,Fort St John,Fort St John Key Learning Centre,https://go.nasa.gov/3X1L5sA,TF,BC wildfires,pm25,NA
2024-08-19,Fort St John,Fort St John Key Learning Centre,https://go.nasa.gov/4i13ihJ,TF,BC wildfires,pm25,NA
2024-08-20,Fort St John,Fort St John Key Learning Centre,https://go.nasa.gov/3EHnK9d,TF,BC wildfires,pm25,NA
2024-09-07,Fort St John,Fort St John Key Learning Centre,https://go.nasa.gov/3EE6C45,TF,BC wildfires,pm25,22
2024-09-08,Fort St John,Fort St John Key Learning Centre,https://go.nasa.gov/4b8mUP2,TF,BC wildfires,pm25,54.7
2017-07-09,Fort St John,Fort St John North Camp B_Amb,https://go.nasa.gov/2SRe9lb,TF,BC wildfires,pm25,7.2
2017-07-11,Fort St John,Fort St John North Camp B_Amb,https://go.nasa.gov/33F3bp0,TF,BC wildfires,pm25,14.8
2017-07-12,Fort St John,Fort St John North Camp B_Amb,https://go.nasa.gov/2FccdAf,TF,BC wildfires,pm25,17.6
2017-07-13,Fort St John,Fort St John North Camp B_Amb,https://go.nasa.gov/2GKiQu6,TF,BC wildfires,pm25,9.9
2017-07-14,Fort St John,Fort St John North Camp B_Amb,https://go.nasa.gov/3jDR0hH,TF,BC wildfires,pm25,9.3
2017-07-15,Fort St John,Fort St John North Camp B_Amb,https://go.nasa.gov/3iCOaIs,TF,BC wildfires,pm25,24
2017-07-19,Fort St John,Fort St John North Camp B_Amb,https://go.nasa.gov/3iFdVbf,TF,BC wildfires,pm25,10.9
2017-07-20,Fort St John,Fort St John North Camp B_Amb,https://go.nasa.gov/3df3MB0,TF,BC wildfires,pm25,5.6
2017-07-26,Fort St John,Fort St John North Camp B_Amb,https://go.nasa.gov/34HKfVI,TF,BC wildfires,pm25,7.8
2017-08-12,Fort St John,Fort St John North Camp B_Amb,https://go.nasa.gov/3lk73lg,TF,BC wildfires; Alberta wildfires,pm25,11.1
2017-08-13,Fort St John,Fort St John North Camp B_Amb,https://go.nasa.gov/3nvv1Mf,TF,BC wildfires,pm25,32.8
2017-08-30,Fort St John,Fort St John North Camp B_Amb,https://go.nasa.gov/33IlsSs,TF,BC wildfires,pm25,NA
2017-09-05,Fort St John,Fort St John North Camp B_Amb,https://go.nasa.gov/2GDUcvw,TF,BC wildfires,pm25,NA
2017-09-06,Fort St John,Fort St John North Camp B_Amb,https://go.nasa.gov/3jIYLTn,TF,BC wildfires,pm25,NA
2017-09-07,Fort St John,Fort St John North Camp B_Amb,https://go.nasa.gov/2GMvvg3,TF,BC wildfires,pm25,NA
2018-05-29,Fort St John,Fort St John North Camp B_Amb,TF_EE evidence directory,TF,BC wildfires,pm25,10.3
2018-07-23,Fort St John,Fort St John North Camp B_Amb,https://go.nasa.gov/3uOHPkN,TF,BC wildfires,pm25,1.7
2018-07-24,Fort St John,Fort St John North Camp B_Amb,https://go.nasa.gov/34MYIQx,TF,BC wildfires,pm25,9.5
2018-07-25,Fort St John,Fort St John North Camp B_Amb,https://go.nasa.gov/30SwpPe,TF,BC wildfires,pm25,13
2018-07-26,Fort St John,Fort St John North Camp B_Amb,https://go.nasa.gov/30TFU0B,TF,BC wildfires,pm25,13.7
2018-07-27,Fort St John,Fort St John North Camp B_Amb,https://go.nasa.gov/3iRD4PL,TF,BC wildfires,pm25,13.8
2018-07-28,Fort St John,Fort St John North Camp B_Amb,https://go.nasa.gov/3iNwl9I,TF,BC wildfires,pm25,16.4
2018-07-31,Fort St John,Fort St John North Camp B_Amb,https://go.nasa.gov/3weyWmC,TF,BC wildfires,pm25,7.5
2018-08-02,Fort St John,Fort St John North Camp B_Amb,https://go.nasa.gov/375063w,TF,BC wildfires,pm25,NA
2018-08-03,Fort St John,Fort St John North Camp B_Amb,https://go.nasa.gov/3le8IeR,TF,BC wildfires,pm25,NA
2018-08-06,Fort St John,Fort St John North Camp B_Amb,https://go.nasa.gov/30YNAyI,TF,BC wildfires,pm25,NA
2018-08-07,Fort St John,Fort St John North Camp B_Amb,https://go.nasa.gov/3jVhfQJ,TF,BC wildfires,pm25,NA
2018-08-08,Fort St John,Fort St John North Camp B_Amb,https://go.nasa.gov/36Yj390,TF,BC wildfires,pm25,NA
2018-08-09,Fort St John,Fort St John North Camp B_Amb,https://go.nasa.gov/370SXBi,TF,BC wildfires,pm25,NA
2018-08-10,Fort St John,Fort St John North Camp B_Amb,https://go.nasa.gov/370Ix4L,TF,BC wildfires,pm25,NA
2018-08-11,Fort St John,Fort St John North Camp B_Amb,https://go.nasa.gov/33SunAw,TF,BC wildfires,pm25,NA
2018-08-13,Fort St John,Fort St John North Camp B_Amb,https://go.nasa.gov/33T6bxV,TF,BC wildfires,pm25,NA
2018-08-14,Fort St John,Fort St John North Camp B_Amb,https://go.nasa.gov/313dsJK,TF,BC wildfires,pm25,NA
2018-08-15,Fort St John,Fort St John North Camp B_Amb,https://go.nasa.gov/3dp50cN,TF,BC wildfires,pm25,34.6
2018-08-16,Fort St John,Fort St John North Camp B_Amb,https://go.nasa.gov/372QKVW,TF,BC wildfires,pm25,70.9
2018-08-17,Fort St John,Fort St John North Camp B_Amb,https://go.nasa.gov/3nP5DBp,TF,BC wildfires,pm25,67.1
2018-08-18,Fort St John,Fort St John North Camp B_Amb,https://go.nasa.gov/3dpiPIr,TF,BC wildfires,pm25,27.1
2018-08-19,Fort St John,Fort St John North Camp B_Amb,https://go.nasa.gov/314tYJE,TF,BC wildfires,pm25,22.8
2018-08-20,Fort St John,Fort St John North Camp B_Amb,https://go.nasa.gov/3nOjW9i,TF,BC wildfires,pm25,23.2
2018-08-21,Fort St John,Fort St John North Camp B_Amb,https://go.nasa.gov/3lFWt8k,TF,BC wildfires,pm25,89.9
2018-08-22,Fort St John,Fort St John North Camp B_Amb,https://go.nasa.gov/313YwLp,TF,BC wildfires,pm25,177.6
2018-08-23,Fort St John,Fort St John North Camp B_Amb,https://go.nasa.gov/3lD7o2o,TF,BC wildfires,pm25,6.6
2018-08-24,Fort St John,Fort St John North Camp B_Amb,https://go.nasa.gov/3dmRaaO,TF,BC wildfires,pm25,46
2018-08-25,Fort St John,Fort St John North Camp B_Amb,https://go.nasa.gov/3nNlKPO,TF,BC wildfires,pm25,41.4
2018-08-27,Fort St John,Fort St John North Camp B_Amb,https://go.nasa.gov/2SPmNjM,TF,BC wildfires,pm25,15
2017-08-30,Fort St John,Fort St John North Camp C,https://go.nasa.gov/33IlsSs,TF,BC wildfires,pm25,6.1
2017-09-05,Fort St John,Fort St John North Camp C,https://go.nasa.gov/2GDUcvw,TF,BC wildfires,pm25,7.9
2017-09-06,Fort St John,Fort St John North Camp C,https://go.nasa.gov/3jIYLTn,TF,BC wildfires,pm25,12.5
2017-09-07,Fort St John,Fort St John North Camp C,https://go.nasa.gov/2GMvvg3,TF,BC wildfires,pm25,32.2
2018-05-29,Fort St John,Fort St John North Camp C,TF_EE evidence directory,TF,BC wildfires,pm25,10.3
2018-07-23,Fort St John,Fort St John North Camp C,https://go.nasa.gov/3uOHPkN,TF,BC wildfires,pm25,1.7
2018-07-24,Fort St John,Fort St John North Camp C,https://go.nasa.gov/34MYIQx,TF,BC wildfires,pm25,9.5
2018-07-25,Fort St John,Fort St John North Camp C,https://go.nasa.gov/30SwpPe,TF,BC wildfires,pm25,13
2018-07-26,Fort St John,Fort St John North Camp C,https://go.nasa.gov/30TFU0B,TF,BC wildfires,pm25,13.7
2018-07-27,Fort St John,Fort St John North Camp C,https://go.nasa.gov/3iRD4PL,TF,BC wildfires,pm25,13.8
2018-07-28,Fort St John,Fort St John North Camp C,https://go.nasa.gov/3iNwl9I,TF,BC wildfires,pm25,16.1
2018-07-31,Fort St John,Fort St John North Camp C,https://go.nasa.gov/3weyWmC,TF,BC wildfires,pm25,7.5
2018-08-02,Fort St John,Fort St John North Camp C,https://go.nasa.gov/375063w,TF,BC wildfires,pm25,NA
2018-08-03,Fort St John,Fort St John North Camp C,https://go.nasa.gov/3le8IeR,TF,BC wildfires,pm25,NA
2018-08-06,Fort St John,Fort St John North Camp C,https://go.nasa.gov/30YNAyI,TF,BC wildfires,pm25,NA
2018-08-07,Fort St John,Fort St John North Camp C,https://go.nasa.gov/3jVhfQJ,TF,BC wildfires,pm25,NA
2018-08-08,Fort St John,Fort St John North Camp C,https://go.nasa.gov/36Yj390,TF,BC wildfires,pm25,NA
2018-08-09,Fort St John,Fort St John North Camp C,https://go.nasa.gov/370SXBi,TF,BC wildfires,pm25,NA
2018-08-10,Fort St John,Fort St John North Camp C,https://go.nasa.gov/370Ix4L,TF,BC wildfires,pm25,NA
2018-08-11,Fort St John,Fort St John North Camp C,https://go.nasa.gov/33SunAw,TF,BC wildfires,pm25,NA
2018-08-13,Fort St John,Fort St John North Camp C,https://go.nasa.gov/33T6bxV,TF,BC wildfires,pm25,NA
2018-08-14,Fort St John,Fort St John North Camp C,https://go.nasa.gov/313dsJK,TF,BC wildfires,pm25,NA
2018-08-15,Fort St John,Fort St John North Camp C,https://go.nasa.gov/3dp50cN,TF,BC wildfires,pm25,34.6
2018-08-16,Fort St John,Fort St John North Camp C,https://go.nasa.gov/372QKVW,TF,BC wildfires,pm25,70.9
2018-08-17,Fort St John,Fort St John North Camp C,https://go.nasa.gov/3nP5DBp,TF,BC wildfires,pm25,67.1
2018-08-18,Fort St John,Fort St John North Camp C,https://go.nasa.gov/3dpiPIr,TF,BC wildfires,pm25,27.1
2018-08-19,Fort St John,Fort St John North Camp C,https://go.nasa.gov/314tYJE,TF,BC wildfires,pm25,22.8
2018-08-20,Fort St John,Fort St John North Camp C,https://go.nasa.gov/3nOjW9i,TF,BC wildfires,pm25,23.2
2018-08-21,Fort St John,Fort St John North Camp C,https://go.nasa.gov/3lFWt8k,TF,BC wildfires,pm25,89.9
2018-08-22,Fort St John,Fort St John North Camp C,https://go.nasa.gov/313YwLp,TF,BC wildfires,pm25,177.6
2018-08-23,Fort St John,Fort St John North Camp C,https://go.nasa.gov/3lD7o2o,TF,BC wildfires,pm25,6.6
2018-08-24,Fort St John,Fort St John North Camp C,https://go.nasa.gov/3dmRaaO,TF,BC wildfires,pm25,46
2018-08-25,Fort St John,Fort St John North Camp C,https://go.nasa.gov/3nNlKPO,TF,BC wildfires,pm25,41.4
2018-08-27,Fort St John,Fort St John North Camp C,https://go.nasa.gov/2SPmNjM,TF,BC wildfires,pm25,15
2019-05-23,Fort St John,Fort St John North Camp C,https://go.nasa.gov/350zQVA,TF,Alberta wildfires,pm25,27.1
2019-05-24,Fort St John,Fort St John North Camp C,https://go.nasa.gov/315w3oJ,TF,Alberta wildfires,pm25,27.4
2019-05-25,Fort St John,Fort St John North Camp C,https://go.nasa.gov/3lJrCYm,TF,Alberta wildfires,pm25,25.3
2019-05-26,Fort St John,Fort St John North Camp C,https://go.nasa.gov/3lMUq27,TF,Alberta wildfires,pm25,19
2019-05-27,Fort St John,Fort St John North Camp C,https://go.nasa.gov/2SOmTZ4,TF,Alberta wildfires,pm25,16.4
2019-05-29,Fort St John,Fort St John North Camp C,https://go.nasa.gov/3aehdAv,TF,Alberta wildfires,pm25,12.6
2019-05-30,Fort St John,Fort St John North Camp C,https://go.nasa.gov/3nNnd8U,TF,Alberta wildfires,pm25,32
2019-05-31,Fort St John,Fort St John North Camp C,https://go.nasa.gov/33VaBV6,TF,Alberta wildfires,pm25,183.7
2019-07-11,Fort St John,Fort St John North Camp C,https://go.nasa.gov/3AivUgb,TF,Yukon wildfires,pm25,7.5
2019-07-12,Fort St John,Fort St John North Camp C,https://go.nasa.gov/3lm5iHc,TF,Alberta wildfires,pm25,11.3
2019-07-13,Fort St John,Fort St John North Camp C,https://go.nasa.gov/3Dizkl9,TF,Alberta wildfires,pm25,14
2019-08-14,Fort St John,Fort St John North Camp C,https://go.nasa.gov/3nN1U7d,TF,Alberta wildfires,pm25,9.5
2020-08-01,Fort St John,Fort St John North Camp C,https://go.nasa.gov/2YwYcqo,TF,NWT wildfires,pm25,11.7
2020-09-13,Fort St John,Fort St John North Camp C,https://go.nasa.gov/2YAkvf5,TF,USA wildfires,pm25,2.2
2020-09-18,Fort St John,Fort St John North Camp C,https://go.nasa.gov/3008fVr,TF,USA wildfires,pm25,13.4
2020-09-19,Fort St John,Fort St John North Camp C,https://go.nasa.gov/3BpeCQa,TF,USA wildfires,pm25,18.5
2021-06-30,Fort St John,Fort St John North Camp C,https://go.nasa.gov/3Aj4hnu,TF,BC wildfires,pm25,35.1
2021-07-01,Fort St John,Fort St John North Camp C,https://go.nasa.gov/3uOw262,TF,BC wildfires,pm25,9.8
2021-07-07,Fort St John,Fort St John North Camp C,https://go.nasa.gov/3AlNS1i,TF,BC wildfires,pm25,15.9
2021-07-08,Fort St John,Fort St John North Camp C,https://go.nasa.gov/3llzaTU,TF,BC wildfires,pm25,22.8
2021-07-09,Fort St John,Fort St John North Camp C,https://go.nasa.gov/309UILj,TF,BC wildfires,pm25,16.5
2021-07-10,Fort St John,Fort St John North Camp C,https://go.nasa.gov/2YqQu1m,TF,BC wildfires,pm25,13.7
2021-07-12,Fort St John,Fort St John North Camp C,https://go.nasa.gov/3ahMimM,TF,BC wildfires,pm25,20.1
2021-07-13,Fort St John,Fort St John North Camp C,https://go.nasa.gov/3iFqXs1,TF,BC wildfires,pm25,23.8
2021-07-14,Fort St John,Fort St John North Camp C,https://go.nasa.gov/3oInPzo,TF,BC wildfires,pm25,22.3
2021-07-15,Fort St John,Fort St John North Camp C,https://go.nasa.gov/3agGLgd,TF,BC wildfires,pm25,22.4
2021-07-20,Fort St John,Fort St John North Camp C,https://go.nasa.gov/3aeDXjR,TF,BC wildfires,pm25,16.7
2021-07-21,Fort St John,Fort St John North Camp C,https://go.nasa.gov/3oHg5xG,TF,BC wildfires,pm25,6
2021-07-31,Fort St John,Fort St John North Camp C,https://go.nasa.gov/3ljlIji ,TF,BC wildfires,pm25,24.2
2021-08-01,Fort St John,Fort St John North Camp C,https://go.nasa.gov/3DmyEeq ,TF,BC wildfires,pm25,28
2021-08-02,Fort St John,Fort St John North Camp C,https://go.nasa.gov/3FtHAk3 ,TF,BC wildfires,pm25,30.1
2021-08-03,Fort St John,Fort St John North Camp C,https://go.nasa.gov/3Bl6TT5 ,TF,BC wildfires,pm25,20.8
2021-08-05,Fort St John,Fort St John North Camp C,https://go.nasa.gov/3j08kPR ,TF,BC wildfires,pm25,NA
2017-07-09,Fort St John,Fort St John Old Fort,https://go.nasa.gov/2SRe9lb,TF,BC wildfires,pm25,5.4
2017-07-11,Fort St John,Fort St John Old Fort,https://go.nasa.gov/33F3bp0,TF,BC wildfires,pm25,15.9
2017-07-12,Fort St John,Fort St John Old Fort,https://go.nasa.gov/2FccdAf,TF,BC wildfires,pm25,17.2
2017-07-13,Fort St John,Fort St John Old Fort,https://go.nasa.gov/2GKiQu6,TF,BC wildfires,pm25,11.9
2017-07-14,Fort St John,Fort St John Old Fort,https://go.nasa.gov/3jDR0hH,TF,BC wildfires,pm25,12.2
2017-07-15,Fort St John,Fort St John Old Fort,https://go.nasa.gov/3iCOaIs,TF,BC wildfires,pm25,26.3
2017-07-19,Fort St John,Fort St John Old Fort,https://go.nasa.gov/3iFdVbf,TF,BC wildfires,pm25,12.3
2017-07-20,Fort St John,Fort St John Old Fort,https://go.nasa.gov/3df3MB0,TF,BC wildfires,pm25,6.1
2017-07-26,Fort St John,Fort St John Old Fort,https://go.nasa.gov/34HKfVI,TF,BC wildfires,pm25,7.1
2017-08-12,Fort St John,Fort St John Old Fort,https://go.nasa.gov/3lk73lg,TF,BC wildfires; Alberta wildfires,pm25,11.2
2017-08-13,Fort St John,Fort St John Old Fort,https://go.nasa.gov/3nvv1Mf,TF,BC wildfires,pm25,13.5
2017-08-30,Fort St John,Fort St John Old Fort,https://go.nasa.gov/33IlsSs,TF,BC wildfires,pm25,5.8
2017-09-05,Fort St John,Fort St John Old Fort,https://go.nasa.gov/2GDUcvw,TF,BC wildfires,pm25,3.7
2017-09-06,Fort St John,Fort St John Old Fort,https://go.nasa.gov/3jIYLTn,TF,BC wildfires,pm25,11.4
2017-09-07,Fort St John,Fort St John Old Fort,https://go.nasa.gov/2GMvvg3,TF,BC wildfires,pm25,32
2018-05-29,Fort St John,Fort St John Old Fort,TF_EE evidence directory,TF,BC wildfires,pm25,8.4
2018-07-23,Fort St John,Fort St John Old Fort,https://go.nasa.gov/3uOHPkN,TF,BC wildfires,pm25,1.1
2018-07-24,Fort St John,Fort St John Old Fort,https://go.nasa.gov/34MYIQx,TF,BC wildfires,pm25,12
2018-07-25,Fort St John,Fort St John Old Fort,https://go.nasa.gov/30SwpPe,TF,BC wildfires,pm25,13.2
2018-07-26,Fort St John,Fort St John Old Fort,https://go.nasa.gov/30TFU0B,TF,BC wildfires,pm25,14.8
2018-07-27,Fort St John,Fort St John Old Fort,https://go.nasa.gov/3iRD4PL,TF,BC wildfires,pm25,17.4
2018-07-28,Fort St John,Fort St John Old Fort,https://go.nasa.gov/3iNwl9I,TF,BC wildfires,pm25,14.3
2018-07-31,Fort St John,Fort St John Old Fort,https://go.nasa.gov/3weyWmC,TF,BC wildfires,pm25,4.4
2018-08-02,Fort St John,Fort St John Old Fort,https://go.nasa.gov/375063w,TF,BC wildfires,pm25,9.4
2018-08-03,Fort St John,Fort St John Old Fort,https://go.nasa.gov/3le8IeR,TF,BC wildfires,pm25,12.5
2018-08-06,Fort St John,Fort St John Old Fort,https://go.nasa.gov/30YNAyI,TF,BC wildfires,pm25,6.9
2018-08-07,Fort St John,Fort St John Old Fort,https://go.nasa.gov/3jVhfQJ,TF,BC wildfires,pm25,13
2018-08-08,Fort St John,Fort St John Old Fort,https://go.nasa.gov/36Yj390,TF,BC wildfires,pm25,34.4
2018-08-09,Fort St John,Fort St John Old Fort,https://go.nasa.gov/370SXBi,TF,BC wildfires,pm25,99.6
2018-08-10,Fort St John,Fort St John Old Fort,https://go.nasa.gov/370Ix4L,TF,BC wildfires,pm25,NA
2018-08-11,Fort St John,Fort St John Old Fort,https://go.nasa.gov/33SunAw,TF,BC wildfires,pm25,NA
2018-08-13,Fort St John,Fort St John Old Fort,https://go.nasa.gov/33T6bxV,TF,BC wildfires,pm25,NA
2018-08-14,Fort St John,Fort St John Old Fort,https://go.nasa.gov/313dsJK,TF,BC wildfires,pm25,NA
2018-08-15,Fort St John,Fort St John Old Fort,https://go.nasa.gov/3dp50cN,TF,BC wildfires,pm25,NA
2018-08-16,Fort St John,Fort St John Old Fort,https://go.nasa.gov/372QKVW,TF,BC wildfires,pm25,NA
2018-08-17,Fort St John,Fort St John Old Fort,https://go.nasa.gov/3nP5DBp,TF,BC wildfires,pm25,NA
2018-08-18,Fort St John,Fort St John Old Fort,https://go.nasa.gov/3dpiPIr,TF,BC wildfires,pm25,NA
2018-08-19,Fort St John,Fort St John Old Fort,https://go.nasa.gov/314tYJE,TF,BC wildfires,pm25,NA
2018-08-20,Fort St John,Fort St John Old Fort,https://go.nasa.gov/3nOjW9i,TF,BC wildfires,pm25,NA
2018-08-21,Fort St John,Fort St John Old Fort,https://go.nasa.gov/3lFWt8k,TF,BC wildfires,pm25,NA
2018-08-22,Fort St John,Fort St John Old Fort,https://go.nasa.gov/313YwLp,TF,BC wildfires,pm25,NA
2018-08-23,Fort St John,Fort St John Old Fort,https://go.nasa.gov/3lD7o2o,TF,BC wildfires,pm25,NA
2018-08-24,Fort St John,Fort St John Old Fort,https://go.nasa.gov/3dmRaaO,TF,BC wildfires,pm25,NA
2018-08-25,Fort St John,Fort St John Old Fort,https://go.nasa.gov/3nNlKPO,TF,BC wildfires,pm25,NA
2018-08-27,Fort St John,Fort St John Old Fort,https://go.nasa.gov/2SPmNjM,TF,BC wildfires,pm25,NA
2019-05-23,Fort St John,Fort St John Old Fort,https://go.nasa.gov/350zQVA,TF,Alberta wildfires,pm25,NA
2019-05-24,Fort St John,Fort St John Old Fort,https://go.nasa.gov/315w3oJ,TF,Alberta wildfires,pm25,NA
2019-05-25,Fort St John,Fort St John Old Fort,https://go.nasa.gov/3lJrCYm,TF,Alberta wildfires,pm25,27.9
2019-05-26,Fort St John,Fort St John Old Fort,https://go.nasa.gov/3lMUq27,TF,Alberta wildfires,pm25,16.8
2019-05-27,Fort St John,Fort St John Old Fort,https://go.nasa.gov/2SOmTZ4,TF,Alberta wildfires,pm25,19.6
2019-05-29,Fort St John,Fort St John Old Fort,https://go.nasa.gov/3aehdAv,TF,Alberta wildfires,pm25,10.3
2019-05-30,Fort St John,Fort St John Old Fort,https://go.nasa.gov/3nNnd8U,TF,Alberta wildfires,pm25,31.8
2019-05-31,Fort St John,Fort St John Old Fort,https://go.nasa.gov/33VaBV6,TF,Alberta wildfires,pm25,197.6
2019-07-11,Fort St John,Fort St John Old Fort,https://go.nasa.gov/3AivUgb,TF,Yukon wildfires,pm25,8.1
2019-07-12,Fort St John,Fort St John Old Fort,https://go.nasa.gov/3lm5iHc,TF,Alberta wildfires,pm25,12.1
2019-07-13,Fort St John,Fort St John Old Fort,https://go.nasa.gov/3Dizkl9,TF,Alberta wildfires,pm25,12.3
2019-08-14,Fort St John,Fort St John Old Fort,https://go.nasa.gov/3nN1U7d,TF,Alberta wildfires,pm25,14
2020-08-01,Fort St John,Fort St John Old Fort,https://go.nasa.gov/2YwYcqo,TF,NWT wildfires,pm25,11
2020-09-13,Fort St John,Fort St John Old Fort,https://go.nasa.gov/2YAkvf5,TF,USA wildfires,pm25,1
2020-09-18,Fort St John,Fort St John Old Fort,https://go.nasa.gov/3008fVr,TF,USA wildfires,pm25,13.4
2020-09-19,Fort St John,Fort St John Old Fort,https://go.nasa.gov/3BpeCQa,TF,USA wildfires,pm25,18.6
2021-06-30,Fort St John,Fort St John Old Fort,https://go.nasa.gov/3Aj4hnu,TF,BC wildfires,pm25,19.4
2021-07-01,Fort St John,Fort St John Old Fort,https://go.nasa.gov/3uOw262,TF,BC wildfires,pm25,8.1
2021-07-07,Fort St John,Fort St John Old Fort,https://go.nasa.gov/3AlNS1i,TF,BC wildfires,pm25,10.3
2021-07-08,Fort St John,Fort St John Old Fort,https://go.nasa.gov/3llzaTU,TF,BC wildfires,pm25,20.2
2021-07-09,Fort St John,Fort St John Old Fort,https://go.nasa.gov/309UILj,TF,BC wildfires,pm25,12.4
2021-07-10,Fort St John,Fort St John Old Fort,https://go.nasa.gov/2YqQu1m,TF,BC wildfires,pm25,14
2021-07-12,Fort St John,Fort St John Old Fort,https://go.nasa.gov/3ahMimM,TF,BC wildfires,pm25,NA
2021-07-13,Fort St John,Fort St John Old Fort,https://go.nasa.gov/3iFqXs1,TF,BC wildfires,pm25,23.6
2021-07-14,Fort St John,Fort St John Old Fort,https://go.nasa.gov/3oInPzo,TF,BC wildfires,pm25,19.7
2021-07-15,Fort St John,Fort St John Old Fort,https://go.nasa.gov/3agGLgd,TF,BC wildfires,pm25,13.9
2021-07-20,Fort St John,Fort St John Old Fort,https://go.nasa.gov/3aeDXjR,TF,BC wildfires,pm25,16
2021-07-21,Fort St John,Fort St John Old Fort,https://go.nasa.gov/3oHg5xG,TF,BC wildfires,pm25,9
2021-07-31,Fort St John,Fort St John Old Fort,https://go.nasa.gov/3ljlIji ,TF,BC wildfires,pm25,22.2
2021-08-01,Fort St John,Fort St John Old Fort,https://go.nasa.gov/3DmyEeq ,TF,BC wildfires,pm25,30.2
2021-08-02,Fort St John,Fort St John Old Fort,https://go.nasa.gov/3FtHAk3 ,TF,BC wildfires,pm25,33.5
2021-08-03,Fort St John,Fort St John Old Fort,https://go.nasa.gov/3Bl6TT5 ,TF,BC wildfires,pm25,21
2021-08-05,Fort St John,Fort St John Old Fort,https://go.nasa.gov/3j08kPR ,TF,BC wildfires,pm25,10.5
2010-08-03,Houston,Houston Firehall,https://go.nasa.gov/2WIeb4a,TF,BC wildfires,pm25,5.6
2010-08-04,Houston,Houston Firehall,https://go.nasa.gov/2WJWW2z,TF,BC wildfires,pm25,6.4
2010-08-05,Houston,Houston Firehall,https://go.nasa.gov/3iz05a3,TF,BC wildfires,pm25,9.9
2010-08-15,Houston,Houston Firehall,https://go.nasa.gov/3ljCMmG,TF,BC wildfires,pm25,63.2
2010-08-16,Houston,Houston Firehall,https://go.nasa.gov/3jCCaYH,TF,BC wildfires,pm25,47.1
2010-08-17,Houston,Houston Firehall,https://go.nasa.gov/2F6Z6Av,TF,BC wildfires,pm25,21.3
2010-08-18,Houston,Houston Firehall,https://go.nasa.gov/2SdSmUd ,TF,BC wildfires,pm25,19.2
2010-08-21,Houston,Houston Firehall,https://go.nasa.gov/33B2Aok,TF,BC wildfires,pm25,28.2
2011-06-17,Houston,Houston Firehall,https://go.nasa.gov/2ZLEmYP,TF,Alberta wildfires,pm25,6.6
2012-07-08,Houston,Houston Firehall,https://go.nasa.gov/33yguYf,TF,Siberia wildfires,pm25,21.2
2012-07-08,Houston,Houston Firehall,TF_EE evidence directory,TF,Siberia wildfires,pm25,21.2
2012-07-09,Houston,Houston Firehall,https://go.nasa.gov/3iFbWn4,TF,Siberia wildfires,pm25,19.8
2012-07-09,Houston,Houston Firehall,TF_EE evidence directory,TF,Siberia wildfires,pm25,19.8
2012-08-19,Houston,Houston Firehall,https://go.nasa.gov/3abytGy,TF,BC wildfires,pm25,25.1
2012-08-19,Houston,Houston Firehall,TF_EE evidence directory,TF,BC wildfires,pm25,25.1
2012-08-20,Houston,Houston Firehall,https://go.nasa.gov/300GRXx,TF,BC wildfires,pm25,9.7
2012-09-20,Houston,Houston Firehall,https://go.nasa.gov/3Dexq53,TF,BC wildfires,pm25,8.2
2014-07-14,Houston,Houston Firehall,https://go.nasa.gov/36G18TE,TF,BC wildfires,pm25,13.5
2014-08-01,Houston,Houston Firehall,https://go.nasa.gov/3iA0YiD,TF,BC wildfires,pm25,8.7
2014-08-02,Houston,Houston Firehall,https://go.nasa.gov/34x2RHT,TF,BC wildfires,pm25,16.6
2014-08-03,Houston,Houston Firehall,https://go.nasa.gov/33AXgB4,TF,BC wildfires,pm25,7.5
2014-08-04,Houston,Houston Firehall,https://go.nasa.gov/3iA16P9,TF,BC wildfires,pm25,6.8
2014-08-21,Houston,Houston Firehall,https://go.nasa.gov/3ov9GWe,TF,BC wildfires,pm25,NA
2014-08-24,Houston,Houston Firehall,https://go.nasa.gov/36znPbY,TF,BC wildfires,pm25,NA
2015-05-13,Houston,Houston Firehall,https://go.nasa.gov/36NXebn,TF,BC wildfires,pm25,16
2017-08-06,Houston,Houston Firehall,https://go.nasa.gov/36Ka36e,TF,BC wildfires,pm25,11
2017-08-07,Houston,Houston Firehall,https://go.nasa.gov/3ny2W76,TF,BC wildfires,pm25,7.9
2017-08-08,Houston,Houston Firehall,https://go.nasa.gov/3mwqoSr,TF,BC wildfires,pm25,34.7
2017-08-09,Houston,Houston Firehall,https://go.nasa.gov/34D7FLV,TF,BC wildfires,pm25,59
2017-08-10,Houston,Houston Firehall,https://go.nasa.gov/3ouKizJ,TF,BC wildfires,pm25,63.3
2017-08-11,Houston,Houston Firehall,https://go.nasa.gov/30PPmlQ,TF,BC wildfires,pm25,48.9
2017-09-06,Houston,Houston Firehall,https://go.nasa.gov/3jIYLTn,TF,BC wildfires,pm25,18.7
2017-09-07,Houston,Houston Firehall,https://go.nasa.gov/2GMvvg3,TF,BC wildfires,pm25,20.3
2018-07-22,Houston,Houston Firehall,https://go.nasa.gov/3a6UQwG,TF,BC wildfires,pm25,NA
2018-07-24,Houston,Houston Firehall,https://go.nasa.gov/34MYIQx,TF,BC wildfires,pm25,NA
2018-07-25,Houston,Houston Firehall,https://go.nasa.gov/30SwpPe,TF,BC wildfires,pm25,NA
2018-07-26,Houston,Houston Firehall,https://go.nasa.gov/30TFU0B,TF,BC wildfires,pm25,NA
2018-07-27,Houston,Houston Firehall,https://go.nasa.gov/3iRD4PL,TF,BC wildfires,pm25,NA
2018-07-31,Houston,Houston Firehall,https://go.nasa.gov/3mj88Me,TF,BC wildfires,pm25,NA
2018-08-01,Houston,Houston Firehall,https://go.nasa.gov/3nUsefZ,TF,BC wildfires,pm25,NA
2018-08-02,Houston,Houston Firehall,https://go.nasa.gov/375063w,TF,BC wildfires,pm25,NA
2018-08-08,Houston,Houston Firehall,https://go.nasa.gov/36Yj391,TF,BC wildfires,pm25,NA
2018-08-11,Houston,Houston Firehall,https://go.nasa.gov/33SunAw,TF,BC wildfires,pm25,NA
2018-08-15,Houston,Houston Firehall,https://go.nasa.gov/3dp50cN,TF,BC wildfires,pm25,NA
2018-08-16,Houston,Houston Firehall,https://go.nasa.gov/372QKVW,TF,BC wildfires,pm25,NA
2018-08-19,Houston,Houston Firehall,https://go.nasa.gov/314tYJE,TF,BC wildfires,pm25,NA
2018-08-20,Houston,Houston Firehall,https://go.nasa.gov/3nOjW9i,TF,BC wildfires,pm25,NA
2018-08-21,Houston,Houston Firehall,https://go.nasa.gov/3lFWt8k,TF,BC wildfires,pm25,NA
2018-08-23,Houston,Houston Firehall,https://go.nasa.gov/3lD7o2o,TF,BC wildfires,pm25,NA
2018-09-04,Houston,Houston Firehall,https://go.nasa.gov/34SUDu2,TF,BC wildfires,pm25,NA
2018-09-05,Houston,Houston Firehall,https://go.nasa.gov/3agbolT,TF,BC wildfires,pm25,NA
2018-09-06,Houston,Houston Firehall,https://go.nasa.gov/2GXtQ7w,TF,BC wildfires,pm25,NA
2018-09-07,Houston,Houston Firehall,https://go.nasa.gov/3nOuHII,TF,BC wildfires,pm25,NA
2019-05-25,Houston,Houston Firehall,https://go.nasa.gov/3lJrCYm,TF,Alberta wildfires,pm25,15.3
2019-05-26,Houston,Houston Firehall,https://go.nasa.gov/3lMUq27,TF,Alberta wildfires,pm25,20.3
2019-05-27,Houston,Houston Firehall,https://go.nasa.gov/2SOmTZ4,TF,Alberta wildfires,pm25,15.4
2019-07-01,Houston,Houston Firehall,https://go.nasa.gov/3oFhjcE,TF,Yukon wildfires,pm25,13
2019-07-02,Houston,Houston Firehall,https://go.nasa.gov/3Bp4c30,TF,Yukon wildfires,pm25,11.9
2019-07-07,Houston,Houston Firehall,https://go.nasa.gov/3uODuy9,TF,Yukon wildfires,pm25,8.1
2019-07-08,Houston,Houston Firehall,https://go.nasa.gov/3uOE1A9,TF,Yukon wildfires,pm25,7.7
2019-07-09,Houston,Houston Firehall,https://go.nasa.gov/3muQaqd,TF,Yukon wildfires,pm25,11.1
2020-09-13,Houston,Houston Firehall,https://go.nasa.gov/2YAkvf5,TF,USA wildfires,pm25,4.7
2020-09-15,Houston,Houston Firehall,https://go.nasa.gov/3uNSeNC,TF,USA wildfires,pm25,6.6
2020-09-16,Houston,Houston Firehall,https://go.nasa.gov/2YsFGjg,TF,USA wildfires,pm25,8.6
2020-09-17,Houston,Houston Firehall,https://go.nasa.gov/3ljQNn1,TF,USA wildfires,pm25,13
2020-09-18,Houston,Houston Firehall,https://go.nasa.gov/3008fVr,TF,USA wildfires,pm25,24.6
2021-07-30,Houston,Houston Firehall,https://go.nasa.gov/3ageu9t,TF,BC wildfires,pm25,4.9
2021-08-01,Houston,Houston Firehall,https://go.nasa.gov/3DmyEeq ,TF,BC wildfires,pm25,25.1
2017-07-09,Fort St John,Peace Valley Attachie Flat Upper Terrace,https://go.nasa.gov/2SRe9lb,TF,BC wildfires,pm25,8.9
2017-07-11,Fort St John,Peace Valley Attachie Flat Upper Terrace,https://go.nasa.gov/33F3bp0,TF,BC wildfires,pm25,10.7
2017-07-12,Fort St John,Peace Valley Attachie Flat Upper Terrace,https://go.nasa.gov/2FccdAf,TF,BC wildfires,pm25,13.8
2017-07-13,Fort St John,Peace Valley Attachie Flat Upper Terrace,https://go.nasa.gov/2GKiQu6,TF,BC wildfires,pm25,9.5
2017-07-14,Fort St John,Peace Valley Attachie Flat Upper Terrace,https://go.nasa.gov/3jDR0hH,TF,BC wildfires,pm25,11.6
2017-07-15,Fort St John,Peace Valley Attachie Flat Upper Terrace,https://go.nasa.gov/3iCOaIs,TF,BC wildfires,pm25,21.4
2017-07-19,Fort St John,Peace Valley Attachie Flat Upper Terrace,https://go.nasa.gov/3iFdVbf,TF,BC wildfires,pm25,10.7
2017-07-20,Fort St John,Peace Valley Attachie Flat Upper Terrace,https://go.nasa.gov/3df3MB0,TF,BC wildfires,pm25,4.7
2017-07-26,Fort St John,Peace Valley Attachie Flat Upper Terrace,https://go.nasa.gov/34HKfVI,TF,BC wildfires,pm25,5.6
2017-08-12,Fort St John,Peace Valley Attachie Flat Upper Terrace,https://go.nasa.gov/3lk73lg,TF,BC wildfires; Alberta wildfires,pm25,12.4
2017-08-13,Fort St John,Peace Valley Attachie Flat Upper Terrace,https://go.nasa.gov/3nvv1Mf,TF,BC wildfires,pm25,17
2017-08-30,Fort St John,Peace Valley Attachie Flat Upper Terrace,https://go.nasa.gov/33IlsSs,TF,BC wildfires,pm25,5.5
2017-09-05,Fort St John,Peace Valley Attachie Flat Upper Terrace,https://go.nasa.gov/2GDUcvw,TF,BC wildfires,pm25,5.3
2017-09-06,Fort St John,Peace Valley Attachie Flat Upper Terrace,https://go.nasa.gov/3jIYLTn,TF,BC wildfires,pm25,13.2
2017-09-07,Fort St John,Peace Valley Attachie Flat Upper Terrace,https://go.nasa.gov/2GMvvg3,TF,BC wildfires,pm25,30.2
2018-05-29,Fort St John,Peace Valley Attachie Flat Upper Terrace,TF_EE evidence directory,TF,BC wildfires,pm25,8.3
2018-07-23,Fort St John,Peace Valley Attachie Flat Upper Terrace,https://go.nasa.gov/3uOHPkN,TF,BC wildfires,pm25,NA
2018-07-24,Fort St John,Peace Valley Attachie Flat Upper Terrace,https://go.nasa.gov/34MYIQx,TF,BC wildfires,pm25,NA
2018-07-25,Fort St John,Peace Valley Attachie Flat Upper Terrace,https://go.nasa.gov/30SwpPe,TF,BC wildfires,pm25,NA
2018-07-26,Fort St John,Peace Valley Attachie Flat Upper Terrace,https://go.nasa.gov/30TFU0B,TF,BC wildfires,pm25,14.4
2018-07-27,Fort St John,Peace Valley Attachie Flat Upper Terrace,https://go.nasa.gov/3iRD4PL,TF,BC wildfires,pm25,15.1
2018-07-28,Fort St John,Peace Valley Attachie Flat Upper Terrace,https://go.nasa.gov/3iNwl9I,TF,BC wildfires,pm25,12.7
2018-07-31,Fort St John,Peace Valley Attachie Flat Upper Terrace,https://go.nasa.gov/3weyWmC,TF,BC wildfires,pm25,6.8
2018-08-02,Fort St John,Peace Valley Attachie Flat Upper Terrace,https://go.nasa.gov/375063w,TF,BC wildfires,pm25,7.2
2018-08-03,Fort St John,Peace Valley Attachie Flat Upper Terrace,https://go.nasa.gov/3le8IeR,TF,BC wildfires,pm25,8
2018-08-06,Fort St John,Peace Valley Attachie Flat Upper Terrace,https://go.nasa.gov/30YNAyI,TF,BC wildfires,pm25,7.1
2018-08-07,Fort St John,Peace Valley Attachie Flat Upper Terrace,https://go.nasa.gov/3jVhfQJ,TF,BC wildfires,pm25,11.1
2018-08-08,Fort St John,Peace Valley Attachie Flat Upper Terrace,https://go.nasa.gov/36Yj390,TF,BC wildfires,pm25,22.7
2018-08-09,Fort St John,Peace Valley Attachie Flat Upper Terrace,https://go.nasa.gov/370SXBi,TF,BC wildfires,pm25,91
2018-08-10,Fort St John,Peace Valley Attachie Flat Upper Terrace,https://go.nasa.gov/370Ix4L,TF,BC wildfires,pm25,56.9
2018-08-11,Fort St John,Peace Valley Attachie Flat Upper Terrace,https://go.nasa.gov/33SunAw,TF,BC wildfires,pm25,8.6
2018-08-13,Fort St John,Peace Valley Attachie Flat Upper Terrace,https://go.nasa.gov/33T6bxV,TF,BC wildfires,pm25,11.4
2018-08-14,Fort St John,Peace Valley Attachie Flat Upper Terrace,https://go.nasa.gov/313dsJK,TF,BC wildfires,pm25,30
2018-08-15,Fort St John,Peace Valley Attachie Flat Upper Terrace,https://go.nasa.gov/3dp50cN,TF,BC wildfires,pm25,47.6
2018-08-16,Fort St John,Peace Valley Attachie Flat Upper Terrace,https://go.nasa.gov/372QKVW,TF,BC wildfires,pm25,37.4
2018-08-17,Fort St John,Peace Valley Attachie Flat Upper Terrace,https://go.nasa.gov/3nP5DBp,TF,BC wildfires,pm25,56
2018-08-18,Fort St John,Peace Valley Attachie Flat Upper Terrace,https://go.nasa.gov/3dpiPIr,TF,BC wildfires,pm25,17.4
2018-08-19,Fort St John,Peace Valley Attachie Flat Upper Terrace,https://go.nasa.gov/314tYJE,TF,BC wildfires,pm25,21.4
2018-08-20,Fort St John,Peace Valley Attachie Flat Upper Terrace,https://go.nasa.gov/3nOjW9i,TF,BC wildfires,pm25,25.7
2018-08-21,Fort St John,Peace Valley Attachie Flat Upper Terrace,https://go.nasa.gov/3lFWt8k,TF,BC wildfires,pm25,74.5
2018-08-22,Fort St John,Peace Valley Attachie Flat Upper Terrace,https://go.nasa.gov/313YwLp,TF,BC wildfires,pm25,160.2
2018-08-23,Fort St John,Peace Valley Attachie Flat Upper Terrace,https://go.nasa.gov/3lD7o2o,TF,BC wildfires,pm25,NA
2018-08-24,Fort St John,Peace Valley Attachie Flat Upper Terrace,https://go.nasa.gov/3dmRaaO,TF,BC wildfires,pm25,43.2
2018-08-25,Fort St John,Peace Valley Attachie Flat Upper Terrace,https://go.nasa.gov/3nNlKPO,TF,BC wildfires,pm25,48.3
2018-08-27,Fort St John,Peace Valley Attachie Flat Upper Terrace,https://go.nasa.gov/2SPmNjM,TF,BC wildfires,pm25,14.7
2019-05-23,Fort St John,Peace Valley Attachie Flat Upper Terrace,https://go.nasa.gov/350zQVA,TF,Alberta wildfires,pm25,22.3
2019-05-24,Fort St John,Peace Valley Attachie Flat Upper Terrace,https://go.nasa.gov/315w3oJ,TF,Alberta wildfires,pm25,25.8
2019-05-25,Fort St John,Peace Valley Attachie Flat Upper Terrace,https://go.nasa.gov/3lJrCYm,TF,Alberta wildfires,pm25,24.1
2019-05-26,Fort St John,Peace Valley Attachie Flat Upper Terrace,https://go.nasa.gov/3lMUq27,TF,Alberta wildfires,pm25,15.5
2019-05-27,Fort St John,Peace Valley Attachie Flat Upper Terrace,https://go.nasa.gov/2SOmTZ4,TF,Alberta wildfires,pm25,13.7
2019-05-29,Fort St John,Peace Valley Attachie Flat Upper Terrace,https://go.nasa.gov/3aehdAv,TF,Alberta wildfires,pm25,9
2019-05-30,Fort St John,Peace Valley Attachie Flat Upper Terrace,https://go.nasa.gov/3nNnd8U,TF,Alberta wildfires,pm25,21.9
2019-05-31,Fort St John,Peace Valley Attachie Flat Upper Terrace,https://go.nasa.gov/33VaBV6,TF,Alberta wildfires,pm25,151.5
2019-07-11,Fort St John,Peace Valley Attachie Flat Upper Terrace,https://go.nasa.gov/3AivUgb,TF,Yukon wildfires,pm25,7.9
2019-07-12,Fort St John,Peace Valley Attachie Flat Upper Terrace,https://go.nasa.gov/3lm5iHc,TF,Alberta wildfires,pm25,12.2
2019-07-13,Fort St John,Peace Valley Attachie Flat Upper Terrace,https://go.nasa.gov/3Dizkl9,TF,Alberta wildfires,pm25,14.7
2019-08-14,Fort St John,Peace Valley Attachie Flat Upper Terrace,https://go.nasa.gov/3nN1U7d,TF,Alberta wildfires,pm25,9.8
2020-08-01,Fort St John,Peace Valley Attachie Flat Upper Terrace,https://go.nasa.gov/2YwYcqo,TF,NWT wildfires,pm25,12.9
2020-09-13,Fort St John,Peace Valley Attachie Flat Upper Terrace,https://go.nasa.gov/2YAkvf5,TF,USA wildfires,pm25,3.7
2020-09-18,Fort St John,Peace Valley Attachie Flat Upper Terrace,https://go.nasa.gov/3008fVr,TF,USA wildfires,pm25,14.5
2020-09-19,Fort St John,Peace Valley Attachie Flat Upper Terrace,https://go.nasa.gov/3BpeCQa,TF,USA wildfires,pm25,18.7
2021-06-30,Fort St John,Peace Valley Attachie Flat Upper Terrace,https://go.nasa.gov/3Aj4hnu,TF,BC wildfires,pm25,14.7
2021-07-01,Fort St John,Peace Valley Attachie Flat Upper Terrace,https://go.nasa.gov/3uOw262,TF,BC wildfires,pm25,NA
2021-07-07,Fort St John,Peace Valley Attachie Flat Upper Terrace,https://go.nasa.gov/3AlNS1i,TF,BC wildfires,pm25,13.1
2021-07-08,Fort St John,Peace Valley Attachie Flat Upper Terrace,https://go.nasa.gov/3llzaTU,TF,BC wildfires,pm25,25
2021-07-09,Fort St John,Peace Valley Attachie Flat Upper Terrace,https://go.nasa.gov/309UILj,TF,BC wildfires,pm25,27.8
2021-07-10,Fort St John,Peace Valley Attachie Flat Upper Terrace,https://go.nasa.gov/2YqQu1m,TF,BC wildfires,pm25,NA
2021-07-12,Fort St John,Peace Valley Attachie Flat Upper Terrace,https://go.nasa.gov/3ahMimM,TF,BC wildfires,pm25,21
2021-07-13,Fort St John,Peace Valley Attachie Flat Upper Terrace,https://go.nasa.gov/3iFqXs1,TF,BC wildfires,pm25,NA
2021-07-14,Fort St John,Peace Valley Attachie Flat Upper Terrace,https://go.nasa.gov/3oInPzo,TF,BC wildfires,pm25,18.6
2021-07-15,Fort St John,Peace Valley Attachie Flat Upper Terrace,https://go.nasa.gov/3agGLgd,TF,BC wildfires,pm25,18.7
2021-07-20,Fort St John,Peace Valley Attachie Flat Upper Terrace,https://go.nasa.gov/3aeDXjR,TF,BC wildfires,pm25,8.5
2021-07-21,Fort St John,Peace Valley Attachie Flat Upper Terrace,https://go.nasa.gov/3oHg5xG,TF,BC wildfires,pm25,3
2021-07-31,Fort St John,Peace Valley Attachie Flat Upper Terrace,https://go.nasa.gov/3ljlIji ,TF,BC wildfires,pm25,20.9
2021-08-01,Fort St John,Peace Valley Attachie Flat Upper Terrace,https://go.nasa.gov/3DmyEeq ,TF,BC wildfires,pm25,28.8
2021-08-02,Fort St John,Peace Valley Attachie Flat Upper Terrace,https://go.nasa.gov/3FtHAk3 ,TF,BC wildfires,pm25,37.9
2021-08-03,Fort St John,Peace Valley Attachie Flat Upper Terrace,https://go.nasa.gov/3Bl6TT5 ,TF,BC wildfires,pm25,18.5
2021-08-05,Fort St John,Peace Valley Attachie Flat Upper Terrace,https://go.nasa.gov/3j08kPR ,TF,BC wildfires,pm25,10.3
2010-07-29,Prince George,Prince George Denicola Ranch,https://go.nasa.gov/3ljN6L8 ,TF,BC wildfires,pm25,9.5
2010-08-04,Prince George,Prince George Denicola Ranch,https://go.nasa.gov/2WJWW2z,TF,BC wildfires,pm25,12.8
2010-08-05,Prince George,Prince George Denicola Ranch,https://go.nasa.gov/3iz05a3,TF,BC wildfires,pm25,42.5
2010-08-06,Prince George,Prince George Denicola Ranch,https://go.nasa.gov/2SuP5zV,TF,BC wildfires,pm25,32.6
2010-08-15,Prince George,Prince George Denicola Ranch,https://go.nasa.gov/3ljCMmG,TF,BC wildfires,pm25,13.2
2010-08-16,Prince George,Prince George Denicola Ranch,https://go.nasa.gov/3jCCaYH,TF,BC wildfires,pm25,53.2
2010-08-17,Prince George,Prince George Denicola Ranch,https://go.nasa.gov/2F6Z6Av,TF,BC wildfires,pm25,58.1
2010-08-18,Prince George,Prince George Denicola Ranch,https://go.nasa.gov/33CNEWO,TF,BC wildfires,pm25,75.4
2010-08-19,Prince George,Prince George Denicola Ranch,https://go.nasa.gov/3nrJau2,TF,BC wildfires,pm25,151
2010-08-20,Prince George,Prince George Denicola Ranch,https://go.nasa.gov/2GLimnG,TF,BC wildfires,pm25,58.6
2010-08-21,Prince George,Prince George Denicola Ranch,https://go.nasa.gov/33B2Aok,TF,BC wildfires,pm25,45.7
2010-08-22,Prince George,Prince George Denicola Ranch,https://go.nasa.gov/3jwLygx,TF,BC wildfires,pm25,30.4
2011-06-16,Prince George,Prince George Denicola Ranch,TF_EE evidence directory,TF,Alberta wildfires,pm25,16.5
2012-04-23,Prince George ,Prince George Denicola Ranch,TF_EE evidence directory,EE,Lakeland Mill explosion @2130,pm25,2.4
2012-04-24,Prince George ,Prince George Denicola Ranch,TF_EE evidence directory,EE,Lakeland Mill explosion; fumigation event,pm25,5.2
2012-07-08,Prince George,Prince George Denicola Ranch,https://go.nasa.gov/33yguYf,TF,Siberia wildfires,pm25,15
2012-07-09,Prince George,Prince George Denicola Ranch,https://go.nasa.gov/3iFbWn4,TF,Siberia wildfires,pm25,30.1
2012-07-09,Prince George,Prince George Denicola Ranch,TF_EE evidence directory,TF,Siberia wildfires,pm25,30.1
2012-07-15,Prince George,Prince George Denicola Ranch,https://go.nasa.gov/2GIpH7r,TF,Alberta wildfires,pm25,18.7
2012-07-16,Prince George,Prince George Denicola Ranch,https://go.nasa.gov/3d6eFF4,TF,Alberta wildfires,pm25,29.2
2012-07-25,Prince George,Prince George Denicola Ranch,https://go.nasa.gov/3BgiDWK,TF,Alberta wildfires,pm25,16.1
2012-08-09,Prince George,Prince George Denicola Ranch,https://go.nasa.gov/2Yr1eN2,TF,Alberta wildfires,pm25,4.4
2012-08-13,Prince George,Prince George Denicola Ranch,TF_EE evidence directory,TF,BC wildfires,pm25,15.6
2012-08-14,Prince George,Prince George Denicola Ranch,https://go.nasa.gov/3Aea5yn,TF,BC wildfires,pm25,7.7
2012-08-19,Prince George,Prince George Denicola Ranch,https://go.nasa.gov/3abytGy,TF,BC wildfires,pm25,14.9
2012-08-19,Prince George,Prince George Denicola Ranch,TF_EE evidence directory,TF,BC wildfires,pm25,14.9
2012-09-20,Prince George,Prince George Denicola Ranch,https://go.nasa.gov/3Dexq53,TF,BC wildfires,pm25,15.8
2012-09-20,Prince George,Prince George Denicola Ranch,TF_EE evidence directory,TF,BC wildfires,pm25,15.8
2012-09-21,Prince George,Prince George Denicola Ranch,https://go.nasa.gov/34yOaEa,TF,BC wildfires,pm25,29.2
2012-09-21,Prince George,Prince George Denicola Ranch,TF_EE evidence directory,TF,BC wildfires,pm25,29.2
2017-08-29,Prince George ,Prince George District Energy Building,https://go.nasa.gov/30JhiaH,TF,BC wildfires,pm25,16.3
2017-08-30,Prince George ,Prince George District Energy Building,https://go.nasa.gov/33IlsSs,TF,BC wildfires,pm25,70.3
2017-09-01,Prince George ,Prince George District Energy Building,https://go.nasa.gov/34CgrtQ,TF,BC wildfires,pm25,24.9
2017-09-05,Prince George ,Prince George District Energy Building,https://go.nasa.gov/2GDUcvw,TF,BC wildfires,pm25,22.6
2017-09-06,Prince George ,Prince George District Energy Building,https://go.nasa.gov/3jIYLTn,TF,BC wildfires,pm25,36.3
2017-09-07,Prince George ,Prince George District Energy Building,https://go.nasa.gov/2GMvvg3,TF,BC wildfires,pm25,63.4
2010-07-29,Prince George,Prince George Exploration Place Trailer,https://go.nasa.gov/3ljN6L8 ,TF,BC wildfires,pm25,10.1
2010-08-04,Prince George,Prince George Exploration Place Trailer,https://go.nasa.gov/2WJWW2z,TF,BC wildfires,pm25,18.9
2010-08-05,Prince George,Prince George Exploration Place Trailer,https://go.nasa.gov/3iz05a3,TF,BC wildfires,pm25,50.4
2010-08-06,Prince George,Prince George Exploration Place Trailer,https://go.nasa.gov/2SuP5zV,TF,BC wildfires,pm25,31.1
2010-08-15,Prince George,Prince George Exploration Place Trailer,https://go.nasa.gov/3ljCMmG,TF,BC wildfires,pm25,15.4
2010-08-16,Prince George,Prince George Exploration Place Trailer,https://go.nasa.gov/3jCCaYH,TF,BC wildfires,pm25,56.7
2010-08-17,Prince George,Prince George Exploration Place Trailer,https://go.nasa.gov/2F6Z6Av,TF,BC wildfires,pm25,69.3
2010-08-18,Prince George,Prince George Exploration Place Trailer,https://go.nasa.gov/33CNEWO,TF,BC wildfires,pm25,83.7
2010-08-19,Prince George,Prince George Exploration Place Trailer,https://go.nasa.gov/3nrJau2,TF,BC wildfires,pm25,168
2010-08-20,Prince George,Prince George Exploration Place Trailer,https://go.nasa.gov/2GLimnG,TF,BC wildfires,pm25,66.7
2010-08-21,Prince George,Prince George Exploration Place Trailer,https://go.nasa.gov/33B2Aok,TF,BC wildfires,pm25,64.3
2010-08-22,Prince George,Prince George Exploration Place Trailer,https://go.nasa.gov/3jwLygx,TF,BC wildfires,pm25,31.4
2011-06-16,Prince George,Prince George Exploration Place Trailer,TF_EE evidence directory,TF,Alberta wildfires,pm25,14.9
2012-04-23,Prince George ,Prince George Exploration Place Trailer,TF_EE evidence directory,EE,Lakeland Mill explosion @2130,pm25,2.6
2012-04-24,Prince George ,Prince George Exploration Place Trailer,TF_EE evidence directory,EE,Lakeland Mill explosion; fumigation event,pm25,5.2
2012-07-08,Prince George,Prince George Exploration Place Trailer,https://go.nasa.gov/33yguYf,TF,Siberia wildfires,pm25,16.8
2012-07-09,Prince George,Prince George Exploration Place Trailer,https://go.nasa.gov/3iFbWn4,TF,Siberia wildfires,pm25,29
2012-07-09,Prince George,Prince George Exploration Place Trailer,TF_EE evidence directory,TF,Siberia wildfires,pm25,29
2012-07-15,Prince George,Prince George Exploration Place Trailer,https://go.nasa.gov/2GIpH7r,TF,Alberta wildfires,pm25,16.8
2012-07-16,Prince George,Prince George Exploration Place Trailer,https://go.nasa.gov/3d6eFF4,TF,Alberta wildfires,pm25,27.9
2012-07-25,Prince George,Prince George Exploration Place Trailer,https://go.nasa.gov/3BgiDWK,TF,Alberta wildfires,pm25,12
2012-08-09,Prince George,Prince George Exploration Place Trailer,https://go.nasa.gov/2Yr1eN2,TF,Alberta wildfires,pm25,2.6
2012-08-13,Prince George,Prince George Exploration Place Trailer,TF_EE evidence directory,TF,BC wildfires,pm25,14.3
2012-08-14,Prince George,Prince George Exploration Place Trailer,https://go.nasa.gov/3Aea5yn,TF,BC wildfires,pm25,6.9
2012-08-19,Prince George,Prince George Exploration Place Trailer,https://go.nasa.gov/3abytGy,TF,BC wildfires,pm25,18.3
2012-08-19,Prince George,Prince George Exploration Place Trailer,TF_EE evidence directory,TF,BC wildfires,pm25,18.3
2012-09-20,Prince George,Prince George Exploration Place Trailer,https://go.nasa.gov/3Dexq53,TF,BC wildfires,pm25,27.8
2012-09-20,Prince George,Prince George Exploration Place Trailer,TF_EE evidence directory,TF,BC wildfires,pm25,27.8
2012-09-21,Prince George,Prince George Exploration Place Trailer,https://go.nasa.gov/34yOaEa,TF,BC wildfires,pm25,32.4
2012-09-21,Prince George,Prince George Exploration Place Trailer,TF_EE evidence directory,TF,BC wildfires,pm25,32.4
2010-06-20,Prince George,Prince George Gladstone School,https://go.nasa.gov/3jq3edR ,TF,BC wildfires,pm25,23.1
2010-06-21,Prince George,Prince George Gladstone School,https://go.nasa.gov/3neDhzV ,TF,BC wildfires,pm25,41.7
2010-06-22,Prince George,Prince George Gladstone School,https://go.nasa.gov/34kRlPR ,TF,BC wildfires,pm25,17.9
2010-07-29,Prince George,Prince George Gladstone School,https://go.nasa.gov/3ljN6L8 ,TF,BC wildfires,pm25,9.5
2010-08-04,Prince George,Prince George Gladstone School,https://go.nasa.gov/2WJWW2z,TF,BC wildfires,pm25,18.1
2010-08-05,Prince George,Prince George Gladstone School,https://go.nasa.gov/3iz05a3,TF,BC wildfires,pm25,61.7
2010-08-06,Prince George,Prince George Gladstone School,https://go.nasa.gov/2SuP5zV,TF,BC wildfires,pm25,28.1
2010-08-15,Prince George,Prince George Gladstone School,https://go.nasa.gov/3ljCMmG,TF,BC wildfires,pm25,14.8
2010-08-16,Prince George,Prince George Gladstone School,https://go.nasa.gov/3jCCaYH,TF,BC wildfires,pm25,81.9
2010-08-17,Prince George,Prince George Gladstone School,https://go.nasa.gov/2F6Z6Av,TF,BC wildfires,pm25,75.4
2010-08-18,Prince George,Prince George Gladstone School,https://go.nasa.gov/33CNEWO,TF,BC wildfires,pm25,103
2010-08-19,Prince George,Prince George Gladstone School,https://go.nasa.gov/3nrJau2,TF,BC wildfires,pm25,202
2010-08-20,Prince George,Prince George Gladstone School,https://go.nasa.gov/2GLimnG,TF,BC wildfires,pm25,76.9
2010-08-21,Prince George,Prince George Gladstone School,https://go.nasa.gov/33B2Aok,TF,BC wildfires,pm25,NA
2010-08-22,Prince George,Prince George Gladstone School,https://go.nasa.gov/3jwLygx,TF,BC wildfires,pm25,32.4
2011-06-16,Prince George,Prince George Gladstone School,TF_EE evidence directory,TF,Alberta wildfires,pm25,14.8
2012-04-23,Prince George ,Prince George Gladstone School,TF_EE evidence directory,EE,Lakeland Mill explosion @2130,pm25,3.8
2012-04-24,Prince George ,Prince George Gladstone School,TF_EE evidence directory,EE,Lakeland Mill explosion; fumigation event,pm25,3.5
2012-07-08,Prince George,Prince George Gladstone School,https://go.nasa.gov/33yguYf,TF,Siberia wildfires,pm25,14.5
2012-07-09,Prince George,Prince George Gladstone School,https://go.nasa.gov/3iFbWn4,TF,Siberia wildfires,pm25,26.8
2012-07-09,Prince George,Prince George Gladstone School,TF_EE evidence directory,TF,Siberia wildfires,pm25,26.8
2012-07-15,Prince George,Prince George Gladstone School,https://go.nasa.gov/2GIpH7r,TF,Alberta wildfires,pm25,15.5
2012-07-16,Prince George,Prince George Gladstone School,https://go.nasa.gov/3d6eFF4,TF,Alberta wildfires,pm25,24.1
2012-07-25,Prince George,Prince George Gladstone School,https://go.nasa.gov/3BgiDWK,TF,Alberta wildfires,pm25,9.1
2012-08-09,Prince George,Prince George Gladstone School,https://go.nasa.gov/2Yr1eN2,TF,Alberta wildfires,pm25,2.4
2012-08-13,Prince George,Prince George Gladstone School,TF_EE evidence directory,TF,BC wildfires,pm25,13.7
2012-08-14,Prince George,Prince George Gladstone School,https://go.nasa.gov/3Aea5yn,TF,BC wildfires,pm25,6.1
2012-08-19,Prince George,Prince George Gladstone School,https://go.nasa.gov/3abytGy,TF,BC wildfires,pm25,13.6
2012-08-19,Prince George,Prince George Gladstone School,TF_EE evidence directory,TF,BC wildfires,pm25,13.6
2012-09-20,Prince George,Prince George Gladstone School,https://go.nasa.gov/3Dexq53,TF,BC wildfires,pm25,18.5
2012-09-20,Prince George,Prince George Gladstone School,TF_EE evidence directory,TF,BC wildfires,pm25,18.5
2012-09-21,Prince George,Prince George Gladstone School,https://go.nasa.gov/34yOaEa,TF,BC wildfires,pm25,24.1
2012-09-21,Prince George,Prince George Gladstone School,TF_EE evidence directory,TF,BC wildfires,pm25,24.1
2014-07-10,Prince George ,Prince George Gladstone School,https://go.nasa.gov/3jDU8Km ,TF,NWT wildfires,pm25,10.1
2014-07-11,Prince George ,Prince George Gladstone School,https://go.nasa.gov/3d3zLns,TF,BC wildfires,pm25,33.8
2014-07-12,Prince George ,Prince George Gladstone School,https://go.nasa.gov/2GzPVt1,TF,BC wildfires,pm25,11.5
2014-07-13,Prince George ,Prince George Gladstone School,https://go.nasa.gov/34vF2Af,TF,BC wildfires,pm25,14.5
2014-07-14,Prince George ,Prince George Gladstone School,https://go.nasa.gov/36G18TE,TF,BC wildfires,pm25,17.4
2014-07-15,Prince George ,Prince George Gladstone School,https://go.nasa.gov/3izXixl,TF,BC wildfires,pm25,86.7
2014-07-16,Prince George ,Prince George Gladstone School,https://go.nasa.gov/3iDklr2,TF,BC wildfires,pm25,26
2014-08-01,Prince George ,Prince George Gladstone School,https://go.nasa.gov/3iA0YiD,TF,BC wildfires,pm25,11.4
2014-08-02,Prince George ,Prince George Gladstone School,https://go.nasa.gov/34x2RHT,TF,BC wildfires,pm25,16.1
2014-08-03,Prince George ,Prince George Gladstone School,https://go.nasa.gov/33AXgB4,TF,BC wildfires,pm25,41.6
2014-08-04,Prince George ,Prince George Gladstone School,https://go.nasa.gov/3iA16P9,TF,BC wildfires,pm25,39.4
2014-08-05,Prince George ,Prince George Gladstone School,https://go.nasa.gov/36AEWdr,TF,BC wildfires,pm25,22.9
2014-08-12,Prince George ,Prince George Gladstone School,https://go.nasa.gov/3no5THd,TF,BC wildfires,pm25,31.1
2014-08-13,Prince George ,Prince George Gladstone School,https://go.nasa.gov/3iwKt76,TF,BC wildfires,pm25,23.8
2014-08-14,Prince George ,Prince George Gladstone School,https://go.nasa.gov/30Hzu4N,TF,BC wildfires,pm25,12.9
2014-08-15,Prince George ,Prince George Gladstone School,https://go.nasa.gov/3d7aFnN,TF,BC wildfires,pm25,20.9
2014-08-16,Prince George ,Prince George Gladstone School,https://go.nasa.gov/3no5Wmn,TF,BC wildfires,pm25,22.6
2014-08-18,Prince George ,Prince George Gladstone School,Bulletin Issued,TF,BC wildfires,pm25,40
2014-08-24,Prince George ,Prince George Gladstone School,https://go.nasa.gov/36znPbY,TF,BC wildfires,pm25,16.2
2014-08-25,Prince George ,Prince George Gladstone School,,TF,BC wildfires,pm25,23.9
2014-09-15,Prince George ,Prince George Gladstone School,https://go.nasa.gov/3FmiaVG,TF,BC wildfires,pm25,8.6
2014-09-16,Prince George ,Prince George Gladstone School,https://go.nasa.gov/3iC7ybv,TF,BC wildfires,pm25,11.7
2014-09-17,Prince George ,Prince George Gladstone School,,TF,BC wildfires,pm25,21
2014-09-18,Prince George ,Prince George Gladstone School,,TF,BC wildfires,pm25,15.3
2015-05-11,Prince George ,Prince George Gladstone School,https://go.nasa.gov/3d5JREu,TF,BC wildfires,pm25,8.8
2015-05-26,Prince George ,Prince George Gladstone School,https://go.nasa.gov/2I4b4Md,TF,BC wildfires,pm25,11.6
2015-07-07,Prince George ,Prince George Gladstone School,https://go.nasa.gov/2I8cUfa,TF,BC wildfires,pm25,15.3
2015-07-10,Prince George ,Prince George Gladstone School,https://go.nasa.gov/33C54CP,TF,BC wildfires,pm25,8.1
2015-07-11,Prince George ,Prince George Gladstone School,https://go.nasa.gov/34PecDF,TF,BC wildfires,pm25,11
2010-06-20,Prince George,Prince George Plaza 400,https://go.nasa.gov/3jq3edR ,TF,BC wildfires,pm25,25.3
2010-06-21,Prince George,Prince George Plaza 400,https://go.nasa.gov/3neDhzV ,TF,BC wildfires,pm25,38.1
2010-06-22,Prince George,Prince George Plaza 400,https://go.nasa.gov/34kRlPR ,TF,BC wildfires,pm25,17.8
2010-07-29,Prince George,Prince George Plaza 400,https://go.nasa.gov/3ljN6L8 ,TF,BC wildfires,pm25,11.3
2010-08-04,Prince George,Prince George Plaza 400,https://go.nasa.gov/2WJWW2z,TF,BC wildfires,pm25,21.1
2010-08-05,Prince George,Prince George Plaza 400,https://go.nasa.gov/3iz05a3,TF,BC wildfires,pm25,56.6
2010-08-06,Prince George,Prince George Plaza 400,https://go.nasa.gov/2SuP5zV,TF,BC wildfires,pm25,30
2010-08-15,Prince George,Prince George Plaza 400,https://go.nasa.gov/3ljCMmG,TF,BC wildfires,pm25,16
2010-08-16,Prince George,Prince George Plaza 400,https://go.nasa.gov/3jCCaYH,TF,BC wildfires,pm25,66.4
2010-08-17,Prince George,Prince George Plaza 400,https://go.nasa.gov/2F6Z6Av,TF,BC wildfires,pm25,75.3
2010-08-18,Prince George,Prince George Plaza 400,https://go.nasa.gov/33CNEWO,TF,BC wildfires,pm25,104
2010-08-19,Prince George,Prince George Plaza 400,https://go.nasa.gov/3nrJau2,TF,BC wildfires,pm25,176
2010-08-20,Prince George,Prince George Plaza 400,https://go.nasa.gov/2GLimnG,TF,BC wildfires,pm25,76.7
2010-08-21,Prince George,Prince George Plaza 400,https://go.nasa.gov/33B2Aok,TF,BC wildfires,pm25,70.5
2010-08-22,Prince George,Prince George Plaza 400,https://go.nasa.gov/3jwLygx,TF,BC wildfires,pm25,32.4
2011-06-16,Prince George,Prince George Plaza 400,TF_EE evidence directory,TF,Alberta wildfires,pm25,15.8
2012-04-23,Prince George ,Prince George Plaza 400,TF_EE evidence directory,EE,Lakeland Mill explosion @2130,pm25,4.1
2012-04-24,Prince George ,Prince George Plaza 400,TF_EE evidence directory,EE,Lakeland Mill explosion; fumigation event,pm25,6.9
2012-07-08,Prince George,Prince George Plaza 400,https://go.nasa.gov/33yguYf,TF,Siberia wildfires,pm25,30.9
2012-07-09,Prince George,Prince George Plaza 400,https://go.nasa.gov/3iFbWn4,TF,Siberia wildfires,pm25,20.4
2012-07-09,Prince George,Prince George Plaza 400,TF_EE evidence directory,TF,Siberia wildfires,pm25,28
2012-07-15,Prince George,Prince George Plaza 400,https://go.nasa.gov/2GIpH7r,TF,Alberta wildfires,pm25,11.4
2012-07-16,Prince George,Prince George Plaza 400,https://go.nasa.gov/3d6eFF4,TF,Alberta wildfires,pm25,3.5
2012-07-25,Prince George,Prince George Plaza 400,https://go.nasa.gov/3BgiDWK,TF,Alberta wildfires,pm25,14.2
2012-08-09,Prince George,Prince George Plaza 400,https://go.nasa.gov/2Yr1eN2,TF,Alberta wildfires,pm25,6.8
2012-08-13,Prince George,Prince George Plaza 400,TF_EE evidence directory,TF,BC wildfires,pm25,16.3
2012-08-14,Prince George,Prince George Plaza 400,https://go.nasa.gov/3Aea5yn,TF,BC wildfires,pm25,16.3
2012-08-19,Prince George,Prince George Plaza 400,https://go.nasa.gov/3abytGy,TF,BC wildfires,pm25,27.1
2012-08-19,Prince George,Prince George Plaza 400,TF_EE evidence directory,TF,BC wildfires,pm25,27.1
2012-09-20,Prince George,Prince George Plaza 400,https://go.nasa.gov/3Dexq53,TF,BC wildfires,pm25,31.2
2012-09-20,Prince George,Prince George Plaza 400,TF_EE evidence directory,TF,BC wildfires,pm25,31.2
2012-09-21,Prince George,Prince George Plaza 400,https://go.nasa.gov/34yOaEa,TF,BC wildfires,pm25,2.5
2012-09-21,Prince George,Prince George Plaza 400,TF_EE evidence directory,TF,BC wildfires,pm25,26.1
2014-07-10,Prince George ,Prince George Plaza 400,https://go.nasa.gov/3jDU8Km,TF,NWT wildfires,pm25,16.4
2014-07-11,Prince George ,Prince George Plaza 400,https://go.nasa.gov/3d3zLns,TF,BC wildfires,pm25,22.2
2014-07-12,Prince George ,Prince George Plaza 400,https://go.nasa.gov/2GzPVt1,TF,BC wildfires,pm25,23.7
2014-07-13,Prince George ,Prince George Plaza 400,https://go.nasa.gov/34vF2Af,TF,BC wildfires,pm25,73.1
2014-07-14,Prince George ,Prince George Plaza 400,https://go.nasa.gov/36G18TE,TF,BC wildfires,pm25,14.5
2014-07-15,Prince George ,Prince George Plaza 400,https://go.nasa.gov/3izXixl,TF,BC wildfires,pm25,15.2
2014-07-16,Prince George ,Prince George Plaza 400,https://go.nasa.gov/3iDklr2,TF,BC wildfires,pm25,19.8
2014-08-01,Prince George ,Prince George Plaza 400,https://go.nasa.gov/3iA0YiD,TF,BC wildfires,pm25,48.4
2014-08-02,Prince George ,Prince George Plaza 400,https://go.nasa.gov/34x2RHT,TF,BC wildfires,pm25,44.3
2014-08-03,Prince George ,Prince George Plaza 400,https://go.nasa.gov/33AXgB4,TF,BC wildfires,pm25,26.1
2014-08-04,Prince George ,Prince George Plaza 400,https://go.nasa.gov/3iA16P9,TF,BC wildfires,pm25,40.9
2014-08-05,Prince George ,Prince George Plaza 400,https://go.nasa.gov/36AEWdr,TF,BC wildfires,pm25,30.3
2014-08-12,Prince George ,Prince George Plaza 400,https://go.nasa.gov/3no5THd,TF,BC wildfires,pm25,13.5
2014-08-13,Prince George ,Prince George Plaza 400,https://go.nasa.gov/3iwKt76,TF,BC wildfires,pm25,28
2014-08-14,Prince George ,Prince George Plaza 400,https://go.nasa.gov/30Hzu4N,TF,BC wildfires,pm25,22.2
2014-08-15,Prince George ,Prince George Plaza 400,https://go.nasa.gov/3d7aFnN,TF,BC wildfires,pm25,53.8
2014-08-16,Prince George ,Prince George Plaza 400,https://go.nasa.gov/3no5Wmn,TF,BC wildfires,pm25,11
2014-08-18,Prince George ,Prince George Plaza 400,Bulletin Issued,TF,BC wildfires,pm25,26.4
2014-08-24,Prince George ,Prince George Plaza 400,https://go.nasa.gov/36znPbY,TF,BC wildfires,pm25,11.1
2014-08-25,Prince George ,Prince George Plaza 400,,TF,BC wildfires,pm25,13.7
2014-09-15,Prince George ,Prince George Plaza 400,https://go.nasa.gov/3FmiaVG,TF,BC wildfires,pm25,33.4
2014-09-16,Prince George ,Prince George Plaza 400,https://go.nasa.gov/3iC7ybv,TF,BC wildfires,pm25,17.8
2014-09-17,Prince George ,Prince George Plaza 400,,TF,BC wildfires,pm25,13.2
2014-09-18,Prince George ,Prince George Plaza 400,,TF,BC wildfires,pm25,18
2015-05-11,Prince George ,Prince George Plaza 400,https://go.nasa.gov/3d5JREu,TF,BC wildfires,pm25,22.5
2015-05-26,Prince George ,Prince George Plaza 400,https://go.nasa.gov/2I4b4Md,TF,BC wildfires,pm25,15.4
2015-07-07,Prince George ,Prince George Plaza 400,https://go.nasa.gov/2I8cUfa,TF,BC wildfires,pm25,15.5
2015-07-10,Prince George ,Prince George Plaza 400,https://go.nasa.gov/33C54CP,TF,BC wildfires,pm25,21.4
2015-07-11,Prince George ,Prince George Plaza 400,https://go.nasa.gov/34PecDF,TF,BC wildfires,pm25,14
2017-07-08,Prince George ,Prince George Plaza 400,https://go.nasa.gov/3jHrsjG,TF,BC wildfires,pm25,6.7
2017-07-09,Prince George ,Prince George Plaza 400,https://go.nasa.gov/2SRe9lb,TF,BC wildfires,pm25,29.6
2017-07-10,Prince George ,Prince George Plaza 400,https://go.nasa.gov/2GLYq3S,TF,BC wildfires,pm25,19.1
2017-07-11,Prince George ,Prince George Plaza 400,https://go.nasa.gov/33F3bp0,TF,BC wildfires,pm25,10.6
2017-07-12,Prince George ,Prince George Plaza 400,https://go.nasa.gov/2FccdAf,TF,BC wildfires,pm25,9.4
2017-07-13,Prince George ,Prince George Plaza 400,https://go.nasa.gov/2GKiQu6,TF,BC wildfires,pm25,70.6
2017-07-15,Prince George ,Prince George Plaza 400,https://go.nasa.gov/3iCOaIs,TF,BC wildfires,pm25,48.4
2017-07-18,Prince George ,Prince George Plaza 400,https://go.nasa.gov/3iFe12B,TF,BC wildfires,pm25,28.7
2017-07-19,Prince George ,Prince George Plaza 400,https://go.nasa.gov/3iFdVbf,TF,BC wildfires,pm25,14.4
2017-07-20,Prince George ,Prince George Plaza 400,https://go.nasa.gov/3df3MB0,TF,BC wildfires,pm25,18.3
2017-07-21,Prince George ,Prince George Plaza 400,https://go.nasa.gov/3uQ1DEH,TF,BC wildfires,pm25,31.7
2017-07-26,Prince George ,Prince George Plaza 400,https://go.nasa.gov/34HKfVI,TF,BC wildfires,pm25,14.1
2017-07-29,Prince George ,Prince George Plaza 400,https://go.nasa.gov/3jM9Mn5,TF,BC wildfires,pm25,14.5
2017-08-03,Prince George ,Prince George Plaza 400,https://go.nasa.gov/3lpcMWU,TF,BC wildfires,pm25,19
2017-08-06,Prince George ,Prince George Plaza 400,https://go.nasa.gov/36Ka36e,TF,BC wildfires,pm25,18.3
2017-08-08,Prince George ,Prince George Plaza 400,https://go.nasa.gov/3mwqoSr,TF,BC wildfires,pm25,15.2
2017-08-09,Prince George ,Prince George Plaza 400,https://go.nasa.gov/34D7FLV,TF,BC wildfires,pm25,53.8
2017-08-10,Prince George ,Prince George Plaza 400,https://go.nasa.gov/3ouKizJ,TF,BC wildfires,pm25,282
2017-08-11,Prince George ,Prince George Plaza 400,https://go.nasa.gov/30PPmlQ,TF,BC wildfires,pm25,136
2017-08-12,Prince George ,Prince George Plaza 400,https://go.nasa.gov/3lk73lg,TF,BC wildfires,pm25,34.5
2017-08-13,Prince George ,Prince George Plaza 400,https://go.nasa.gov/3nvv1Mf,TF,BC wildfires,pm25,48.2
2017-08-15,Prince George ,Prince George Plaza 400,https://go.nasa.gov/3iKb1li,TF,BC wildfires,pm25,68
2017-08-16,Prince George ,Prince George Plaza 400,https://go.nasa.gov/2I5YiwF,TF,BC wildfires,pm25,21.6
2017-08-17,Prince George ,Prince George Plaza 400,https://go.nasa.gov/3nzxaX4,TF,BC wildfires,pm25,18.4
2017-08-18,Prince George ,Prince George Plaza 400,https://go.nasa.gov/3ntwgLP,TF,BC wildfires,pm25,41.6
2017-08-20,Prince George ,Prince George Plaza 400,https://go.nasa.gov/30OkHoN,TF,BC wildfires,pm25,21.4
2017-08-21,Prince George ,Prince George Plaza 400,https://go.nasa.gov/3jJIL3I,TF,BC wildfires,pm25,6.1
2017-08-22,Prince George ,Prince George Plaza 400,https://go.nasa.gov/36LZP5y,TF,BC wildfires,pm25,24.8
2018-07-22,Prince George ,Prince George Plaza 400,https://go.nasa.gov/3a6UQwG,TF,BC wildfires,pm25,28.1
2018-07-24,Prince George ,Prince George Plaza 400,https://go.nasa.gov/34MYIQx,TF,BC wildfires,pm25,30.8
2018-07-25,Prince George ,Prince George Plaza 400,https://go.nasa.gov/30SwpPe,TF,BC wildfires,pm25,31.4
2018-07-26,Prince George ,Prince George Plaza 400,https://go.nasa.gov/30TFU0B,TF,BC wildfires,pm25,32
2018-07-27,Prince George ,Prince George Plaza 400,https://go.nasa.gov/3iRD4PL,TF,BC wildfires,pm25,28.3
2018-07-28,Prince George ,Prince George Plaza 400,https://go.nasa.gov/3iNwl9I,TF,BC wildfires,pm25,27.5
2018-07-29,Prince George ,Prince George Plaza 400,https://go.nasa.gov/33JTKV8,TF,BC wildfires,pm25,13.6
2018-07-30,Prince George ,Prince George Plaza 400,https://go.nasa.gov/33M1je4,TF,BC wildfires,pm25,17.7
2018-07-31,Prince George ,Prince George Plaza 400,https://go.nasa.gov/3mj88Me,TF,BC wildfires,pm25,30.5
2018-08-01,Prince George ,Prince George Plaza 400,https://go.nasa.gov/3nUsefZ,TF,BC wildfires,pm25,21.7
2018-08-02,Prince George ,Prince George Plaza 400,https://go.nasa.gov/375063w,TF,BC wildfires,pm25,18.6
2018-08-05,Prince George ,Prince George Plaza 400,https://go.nasa.gov/2H4x8pn,TF,BC wildfires,pm25,56.7
2018-08-06,Prince George ,Prince George Plaza 400,https://go.nasa.gov/30YNAyI,TF,BC wildfires,pm25,103
2018-08-07,Prince George ,Prince George Plaza 400,https://go.nasa.gov/3jVhfQJ,TF,BC wildfires,pm25,130
2018-08-08,Prince George ,Prince George Plaza 400,https://go.nasa.gov/36Yj393,TF,BC wildfires,pm25,113
2018-08-09,Prince George ,Prince George Plaza 400,https://go.nasa.gov/370SXBi,TF,BC wildfires,pm25,45.8
2018-08-10,Prince George ,Prince George Plaza 400,https://go.nasa.gov/370Ix4L,TF,BC wildfires,pm25,92.2
2018-08-11,Prince George ,Prince George Plaza 400,https://go.nasa.gov/33SunAw,TF,BC wildfires,pm25,NA
2018-08-13,Prince George ,Prince George Plaza 400,https://go.nasa.gov/33T6bxV,TF,BC wildfires,pm25,59.8
2018-08-14,Prince George ,Prince George Plaza 400,https://go.nasa.gov/313dsJK,TF,BC wildfires,pm25,152
2018-08-15,Prince George ,Prince George Plaza 400,https://go.nasa.gov/3dp50cN,TF,BC wildfires,pm25,366
2018-08-16,Prince George ,Prince George Plaza 400,https://go.nasa.gov/372QKVW,TF,BC wildfires,pm25,207
2018-08-17,Prince George ,Prince George Plaza 400,https://go.nasa.gov/3nP5DBp,TF,BC wildfires,pm25,128
2018-08-18,Prince George ,Prince George Plaza 400,https://go.nasa.gov/3dpiPIr,TF,BC wildfires,pm25,23.8
2018-08-19,Prince George ,Prince George Plaza 400,https://go.nasa.gov/314tYJE,TF,BC wildfires,pm25,60.1
2018-08-20,Prince George ,Prince George Plaza 400,https://go.nasa.gov/3nOjW9i,TF,BC wildfires,pm25,276
2018-08-21,Prince George ,Prince George Plaza 400,https://go.nasa.gov/3lFWt8k,TF,BC wildfires,pm25,120
2018-08-22,Prince George ,Prince George Plaza 400,https://go.nasa.gov/313YwLp,TF,BC wildfires,pm25,102
2018-08-23,Prince George ,Prince George Plaza 400,https://go.nasa.gov/3lD7o2o,TF,BC wildfires,pm25,88.7
2018-08-24,Prince George ,Prince George Plaza 400,https://go.nasa.gov/3dmRaaO,TF,BC wildfires,pm25,21.5
2018-08-25,Prince George ,Prince George Plaza 400,https://go.nasa.gov/3nNlKPO,TF,BC wildfires,pm25,25.3
2018-08-26,Prince George ,Prince George Plaza 400,https://go.nasa.gov/3uNW2ys,TF,BC wildfires,pm25,66.7
2018-08-27,Prince George ,Prince George Plaza 400,https://go.nasa.gov/2SPmNjM,TF,BC wildfires,pm25,36.8
2018-08-28,Prince George ,Prince George Plaza 400,https://go.nasa.gov/3jVNHmb,TF,BC wildfires,pm25,33.3
2018-08-29,Prince George ,Prince George Plaza 400,https://go.nasa.gov/34WZQRk,TF,BC wildfires,pm25,41.1
2018-08-30,Prince George ,Prince George Plaza 400,https://go.nasa.gov/2SOwUph,TF,BC wildfires,pm25,49.3
2018-08-31,Prince George ,Prince George Plaza 400,https://go.nasa.gov/3mDdGS6,TF,BC wildfires,pm25,39.6
2018-09-01,Prince George ,Prince George Plaza 400,https://go.nasa.gov/2Fr84bZ,TF,BC wildfires,pm25,39.6
2018-09-02,Prince George ,Prince George Plaza 400,https://go.nasa.gov/3lhuFcW,TF,BC wildfires,pm25,17
2018-09-02,Prince George ,Prince George Plaza 400,TF_EE evidence directory,TF,BC wildfires,pm25,20.6
2018-09-03,Prince George ,Prince George Plaza 400,TF_EE evidence directory,TF,BC wildfires,pm25,16.9
2018-09-04,Prince George ,Prince George Plaza 400,https://go.nasa.gov/34SUDu2,TF,BC wildfires,pm25,30
2018-09-05,Prince George ,Prince George Plaza 400,https://go.nasa.gov/3agbolT,TF,BC wildfires,pm25,21
2018-09-06,Prince George ,Prince George Plaza 400,https://go.nasa.gov/2GXtQ7w,TF,BC wildfires,pm25,21.3
2018-09-07,Prince George ,Prince George Plaza 400,https://go.nasa.gov/3nOuHII,TF,BC wildfires,pm25,5
2018-09-08,Prince George ,Prince George Plaza 400,https://go.nasa.gov/3nOuHII,TF,BC wildfires,pm25,16.7
2018-10-09,Prince George ,Prince George Plaza 400,TF_EE evidence directory,EE,Enbridge natural gas pipeline explosion,pm25,22.7
2019-05-24,Prince George ,Prince George Plaza 400,https://go.nasa.gov/315w3oJ,TF,Alberta wildfires,pm25,20.3
2019-05-25,Prince George ,Prince George Plaza 400,https://go.nasa.gov/3lJrCYm,TF,Alberta wildfires,pm25,22.5
2019-05-26,Prince George,Prince George Plaza 400,https://go.nasa.gov/3lMUq27,TF,Alberta wildfires,pm25,8.7
2019-05-27,Prince George,Prince George Plaza 400,https://go.nasa.gov/2SOmTZ4,TF,Alberta wildfires,pm25,NA
2019-07-09,Prince George,Prince George Plaza 400,https://go.nasa.gov/3muQaqd,TF,Yukon wildfires,pm25,2.9
2019-08-14,Prince George ,Prince George Plaza 400,https://go.nasa.gov/3nN1U7d,TF,Alberta wildfires,pm25,9.8
2020-07-08,Prince George,Prince George Plaza 400,TF_EE evidence directory,EE,Hotel fire,pm25,14.3
2020-09-13,Prince George,Prince George Plaza 400,https://go.nasa.gov/2YAkvf5,TF,USA wildfires,pm25,47.8
2020-09-15,Prince George,Prince George Plaza 400,https://go.nasa.gov/3uNSeNC,TF,USA wildfires,pm25,NA
2020-09-18,Prince George ,Prince George Plaza 400,https://go.nasa.gov/3008fVr,TF,USA wildfires,pm25,18.9
2020-09-19,Prince George,Prince George Plaza 400,https://go.nasa.gov/3BpeCQa,TF,USA wildfires,pm25,27.1
2021-06-30,Prince George,Prince George Plaza 400,https://go.nasa.gov/3Aj4hnu,TF,BC wildfires,pm25,50.5
2021-07-07,Prince George,Prince George Plaza 400,https://go.nasa.gov/3AlNS1i,TF,BC wildfires,pm25,44.7
2021-07-08,Prince George,Prince George Plaza 400,https://go.nasa.gov/3llzaTU,TF,BC wildfires,pm25,15.1
2021-07-09,Prince George,Prince George Plaza 400,https://go.nasa.gov/309UILj,TF,BC wildfires,pm25,16.9
2021-07-10,Prince George,Prince George Plaza 400,https://go.nasa.gov/2YqQu1m,TF,BC wildfires,pm25,36.1
2021-07-12,Prince George,Prince George Plaza 400,https://go.nasa.gov/3ahMimM,TF,BC wildfires,pm25,62
2021-07-13,Prince George,Prince George Plaza 400,https://go.nasa.gov/3iFqXs1,TF,BC wildfires,pm25,23.9
2021-07-14,Prince George,Prince George Plaza 400,https://go.nasa.gov/3oInPzo,TF,BC wildfires,pm25,17.1
2021-07-15,Prince George,Prince George Plaza 400,https://go.nasa.gov/3agGLgd,TF,BC wildfires,pm25,62.9
2021-07-16,Prince George,Prince George Plaza 400,https://go.nasa.gov/307ckY3,TF,BC wildfires,pm25,97.3
2021-07-31,Prince George,Prince George Plaza 400,https://go.nasa.gov/3ljlIji ,TF,BC wildfires,pm25,97.8
2021-08-01,Prince George,Prince George Plaza 400,https://go.nasa.gov/3DmyEeq ,TF,BC wildfires,pm25,23.6
2021-08-02,Prince George,Prince George Plaza 400,https://go.nasa.gov/3FtHAk3 ,TF,BC wildfires,pm25,51.2
2021-08-13,Prince George,Prince George Plaza 400,https://go.nasa.gov/3aiizdu ,TF,BC wildfires,pm25,8.1
2021-08-14,Prince George,Prince George Plaza 400,https://go.nasa.gov/3AkHszJ ,TF,BC wildfires,pm25,17.7
2022-08-11,Prince George,Prince George Plaza 400,https://go.nasa.gov/3GKD4zn ,TF,BC wildfires,pm25,25
2022-09-12,Prince George,Prince George Plaza 400, https://go.nasa.gov/3CQ1Vk5 ,TF,BC wildfires,pm25,
2022-09-13,Prince George,Prince George Plaza 400,https://go.nasa.gov/3CQ2bzz,TF,BC wildfires,pm25,
2022-09-14,Prince George,Prince George Plaza 400,https://go.nasa.gov/3IOZlOP,TF,BC wildfires,pm25,
2022-10-18,Prince George,Prince George Plaza 400,,TF,BC wildfires,pm25,
2022-10-18,Prince George,Prince George Plaza 400,,TF,BC wildfires,pm25,
2023-05-09,Prince George ,Prince George Plaza 400,https://go.nasa.gov/4hZgQKN,TF,Alberta wildfires,pm25,25
2023-05-10,Prince George ,Prince George Plaza 400,https://go.nasa.gov/4hWow0o,TF,Alberta wildfires,pm25,29.2
2023-05-12,Prince George ,Prince George Plaza 400,https://go.nasa.gov/4hZN3li,TF,Alberta wildfires,pm25,9
2023-05-13,Prince George ,Prince George Plaza 400,https://go.nasa.gov/3QjTB29,local,"smoke not visible on satellite, trs elevated",pm25,27.3
2023-05-14,Prince George ,Prince George Plaza 400,https://go.nasa.gov/4hWOD7t,local,"smoke not visible on satellite, trs elevated",pm25,23.6
2023-05-15,Prince George ,Prince George Plaza 400,https://go.nasa.gov/3EEftms,local,"smoke not visible on satellite, trs elevated",pm25,27.8
2023-05-16,Prince George ,Prince George Plaza 400,https://go.nasa.gov/40TKkCW,TF,BC wildfires,pm25,97.9
2023-05-17,Prince George ,Prince George Plaza 400,https://go.nasa.gov/3X4aQbL,TF,BC wildfires; Alberta wildfires,pm25,72.9
2023-05-18,Prince George ,Prince George Plaza 400,https://go.nasa.gov/3D4od4G,TF,BC wildfires; Alberta wildfires,pm25,79.6
2023-05-19,Prince George ,Prince George Plaza 400,https://go.nasa.gov/42XRHfs,TF,BC wildfires; Alberta wildfires,pm25,23.3
2023-06-08,Prince George ,Prince George Plaza 400,https://go.nasa.gov/3QEIXn7,local,"smoke not visible on satellite, trs elevated",pm25,21.3
2023-06-09,Prince George ,Prince George Plaza 400,https://go.nasa.gov/3CSwFE7,TF,BC wildfires; Alberta wildfires,pm25,15.7
2023-06-10,Prince George ,Prince George Plaza 400,https://go.nasa.gov/4ke4dO7,TF,BC wildfires; Alberta wildfires,pm25,11.8
2023-06-14,Prince George ,Prince George Plaza 400,https://go.nasa.gov/4b8pvsg,TF,BC wildfires; Alberta wildfires,pm25,38.3
2023-06-15,Prince George ,Prince George Plaza 400,https://go.nasa.gov/3QhhEiv,TF,BC wildfires; Alberta wildfires,pm25,41.7
2023-06-22,Prince George,Prince George Plaza 400,https://go.nasa.gov/3X03zcI,TF,BC wildfires; Alberta wildfires,pm25,16.8
2023-06-23,Prince George,Prince George Plaza 400,https://go.nasa.gov/4hPTura,TF,BC wildfires; Alberta wildfires,pm25,18.6
2023-06-24,Prince George,Prince George Plaza 400,https://go.nasa.gov/412kwVa,TF,BC wildfires; Alberta wildfires,pm25,12.3
2023-06-25,Prince George,Prince George Plaza 400,https://go.nasa.gov/416mDHQ,TF,BC wildfires; Alberta wildfires,pm25,15.5
2023-06-26,Prince George,Prince George Plaza 400,https://go.nasa.gov/41hBoc7,TF,BC wildfires; Alberta wildfires,pm25,13.9
2023-06-27,Prince George,Prince George Plaza 400,https://go.nasa.gov/42Yru06,TF,BC wildfires; Alberta wildfires,pm25,14.7
2023-06-28,Prince George,Prince George Plaza 400,https://go.nasa.gov/41idjS8,local,"smoke not visible on satellite, trs elevated",pm25,17.4
2023-07-04,Prince George,Prince George Plaza 400,https://go.nasa.gov/4gD2mz3,TF,BC wildfires; Alberta wildfires,pm25,16
2023-07-05,Prince George,Prince George Plaza 400,https://go.nasa.gov/4gNiDSa,TF,BC wildfires; Alberta wildfires,pm25,15.2
2023-07-06,Prince George,Prince George Plaza 400,https://go.nasa.gov/41hEGMr,TF,BC wildfires; Alberta wildfires,pm25,23.2
2023-07-07,Prince George,Prince George Plaza 400,https://go.nasa.gov/4gGyPEP,TF,BC wildfires; Alberta wildfires,pm25,26.2
2023-07-08,Prince George,Prince George Plaza 400,https://go.nasa.gov/42XVVUm,TF,BC wildfires,pm25,22.6
2023-07-09,Prince George,Prince George Plaza 400,https://go.nasa.gov/4b3HUpR,TF,BC wildfires; Alberta wildfires,pm25,37.4
2023-07-10,Prince George,Prince George Plaza 400,https://go.nasa.gov/4gGiqjI,TF,BC wildfires; Alberta wildfires,pm25,40.2
2023-07-11,Prince George,Prince George Plaza 400,https://go.nasa.gov/4gGi6l6,TF,BC wildfires; Alberta wildfires,pm25,86
2023-07-12,Prince George,Prince George Plaza 400,https://go.nasa.gov/4aZWBdM,TF,BC wildfires; Alberta wildfires,pm25,170
2023-07-13,Prince George,Prince George Plaza 400,https://go.nasa.gov/4jXtiwu,TF,BC wildfires; Alberta wildfires,pm25,NA
2023-07-14,Prince George,Prince George Plaza 400,https://go.nasa.gov/3QgTnsP,TF,BC wildfires; Alberta wildfires,pm25,NA
2023-07-15,Prince George,Prince George Plaza 400,https://go.nasa.gov/3EG3wwE,TF,BC wildfires; Alberta wildfires,pm25,NA
2023-07-16,Prince George,Prince George Plaza 400,https://go.nasa.gov/4k2EFn0,TF,BC wildfires; Alberta wildfires,pm25,NA
2023-07-17,Prince George,Prince George Plaza 400,https://go.nasa.gov/3X0zKJ8,TF,BC wildfires; Alberta wildfires,pm25,NA
2023-07-18,Prince George,Prince George Plaza 400,https://go.nasa.gov/4k0QZUI,TF,BC wildfires; Alberta wildfires,pm25,NA
2023-07-19,Prince George,Prince George Plaza 400,https://go.nasa.gov/4k0R0YM,TF,BC wildfires; Alberta wildfires,pm25,NA
2023-07-20,Prince George,Prince George Plaza 400,https://go.nasa.gov/4bigTPX,TF,BC wildfires; Alberta wildfires,pm25,NA
2023-07-21,Prince George,Prince George Plaza 400,https://go.nasa.gov/3X3kgUG,TF,BC wildfires; Alberta wildfires,pm25,36.1
2023-07-22,Prince George,Prince George Plaza 400,https://go.nasa.gov/3X18D0w,TF,BC wildfires; Alberta wildfires,pm25,18.2
2023-08-01,Prince George,Prince George Plaza 400,https://go.nasa.gov/3X35kWK,TF,BC wildfires; Alberta wildfires,pm25,5.5
2023-08-06,Prince George,Prince George Plaza 400,https://go.nasa.gov/4k2VAph,TF,BC wildfires,pm25,22.9
2023-08-07,Prince George,Prince George Plaza 400,https://go.nasa.gov/4b5lAw1,TF,BC wildfires,pm25,39
2023-08-14,Prince George,Prince George Plaza 400,https://go.nasa.gov/3QmefPm,TF,BC wildfires,pm25,5.1
2023-08-15,Prince George,Prince George Plaza 400,https://go.nasa.gov/3ECNQdB,TF,BC wildfires,pm25,18.8
2023-08-16,Prince George,Prince George Plaza 400,https://go.nasa.gov/41isjQd,TF,BC wildfires,pm25,21.5
2023-08-17,Prince George,Prince George Plaza 400,https://go.nasa.gov/4k30H8R,TF,BC wildfires,pm25,24.9
2023-08-21,Prince George,Prince George Plaza 400,https://go.nasa.gov/432tHHR,TF,BC wildfires,pm25,21.9
2023-08-22,Prince George,Prince George Plaza 400,https://go.nasa.gov/4hXl99q,TF,BC wildfires,pm25,49.2
2023-08-23,Prince George,Prince George Plaza 400,https://go.nasa.gov/41juS4C,TF,BC wildfires,pm25,NA
2023-08-24,Prince George,Prince George Plaza 400,https://go.nasa.gov/4gIzhCv,TF,BC wildfires,pm25,NA
2023-08-25,Prince George,Prince George Plaza 400,https://go.nasa.gov/4i1mmMZ,TF,BC wildfires,pm25,NA
2023-08-26,Prince George,Prince George Plaza 400,https://go.nasa.gov/4gEYrSw,TF,BC wildfires,pm25,NA
2023-08-27,Prince George,Prince George Plaza 400,https://go.nasa.gov/3CXjD8r,TF,BC wildfires,pm25,NA
2023-08-28,Prince George,Prince George Plaza 400,https://go.nasa.gov/3CJ0FT3,TF,BC wildfires,pm25,NA
2023-08-29,Prince George,Prince George Plaza 400,https://go.nasa.gov/3EI9kFV,TF,BC wildfires,pm25,NA
2023-08-30,Prince George,Prince George Plaza 400,https://go.nasa.gov/4jULVkJ,TF,BC wildfires,pm25,NA
2023-08-31,Prince George,Prince George Plaza 400,https://go.nasa.gov/4gIQQSQ,TF,BC wildfires,pm25,16.4
2023-09-01,Prince George,Prince George Plaza 400,https://go.nasa.gov/3ECaYJc,TF,BC wildfires,pm25,41.8
2023-09-02,Prince George,Prince George Plaza 400,https://go.nasa.gov/4b5HqQ3,TF,BC wildfires,pm25,53.2
2023-09-03,Prince George,Prince George Plaza 400,https://go.nasa.gov/4hVyUFu,TF,BC wildfires,pm25,31.5
2023-09-04,Prince George,Prince George Plaza 400,https://go.nasa.gov/412H20d,TF,BC wildfires,pm25,65.4
2023-09-05,Prince George,Prince George Plaza 400,https://go.nasa.gov/415f3Nk,TF,BC wildfires,pm25,44.3
2023-09-06,Prince George,Prince George Plaza 400,https://go.nasa.gov/3EHAX1K,TF,BC wildfires,pm25,28.4
2023-09-15,Prince George,Prince George Plaza 400,https://go.nasa.gov/40U0kF2,TF,BC wildfires,pm25,144.1
2023-09-16,Prince George,Prince George Plaza 400,https://go.nasa.gov/41hpnDf,TF,BC wildfires,pm25,138.3
2023-09-17,Prince George,Prince George Plaza 400,https://go.nasa.gov/42YuWb3,TF,BC wildfires,pm25,64.8
2023-09-18,Prince George,Prince George Plaza 400,https://go.nasa.gov/41iuK5j,TF,BC wildfires,pm25,22.6
2023-09-19,Prince George,Prince George Plaza 400,https://go.nasa.gov/410jhGg,TF,BC wildfires,pm25,4.3
2023-09-20,Prince George,Prince George Plaza 400,https://go.nasa.gov/3CFZfZy,TF,BC wildfires,pm25,67.5
2023-09-21,Prince George,Prince George Plaza 400,https://go.nasa.gov/41mjo0g,TF,BC wildfires,pm25,16.7
2023-09-22,Prince George,Prince George Plaza 400,https://go.nasa.gov/4i0Izuz,local,"smoke not visible on satellite, trs elevated",pm25,15.8
2024-07-17,Prince George,Prince George Plaza 400,https://go.nasa.gov/42Wssdb,TF,BC wildfires,pm25,15.5
2024-07-18,Prince George,Prince George Plaza 400,https://go.nasa.gov/4hCTQl4,TF,BC wildfires,pm25,23
2024-07-18,Prince George,Prince George Plaza 400,https://go.nasa.gov/41h8NU8,TF,BC wildfires,pm25,23
2024-07-19,Prince George,Prince George Plaza 400,https://go.nasa.gov/42YxJku,TF,BC wildfires,pm25,18.3
2024-07-20,Prince George,Prince George Plaza 400,https://go.nasa.gov/40VMD8F,TF,BC wildfires,pm25,20.2
2024-07-21,Prince George,Prince George Plaza 400,https://go.nasa.gov/40WAhwZ,TF,BC wildfires,pm25,37.5
2024-07-22,Prince George,Prince George Plaza 400,https://go.nasa.gov/3QkEPsg,TF,BC wildfires,pm25,37.6
2024-07-23,Prince George,Prince George Plaza 400,https://go.nasa.gov/4hTpWZm,TF,BC wildfires,pm25,21.9
2024-07-27,Prince George,Prince George Plaza 400,https://go.nasa.gov/4gGJH5u,TF,BC wildfires,pm25,12.5
2024-08-04,Prince George,Prince George Plaza 400,https://go.nasa.gov/3QnSGxC,TF,BC wildfires,pm25,18.4
2024-08-08,Prince George,Prince George Plaza 400,https://go.nasa.gov/43fTcpt,TF,BC wildfires,pm25,19
2024-08-09,Prince George,Prince George Plaza 400,https://go.nasa.gov/3X110Hw,TF,BC wildfires,pm25,22.6
2024-08-10,Prince George,Prince George Plaza 400,https://go.nasa.gov/3CRlfk2,TF,BC wildfires,pm25,26.8
2024-08-11,Prince George,Prince George Plaza 400,https://go.nasa.gov/3CRlfk2,TF,BC wildfires,pm25,48.7
2024-08-12,Prince George,Prince George Plaza 400,https://go.nasa.gov/3CHXPxE,TF,BC wildfires,pm25,42.4
2024-08-13,Prince George,Prince George Plaza 400,https://go.nasa.gov/41f5uN3,TF,BC wildfires,pm25,19
2024-08-14,Prince George,Prince George Plaza 400,https://go.nasa.gov/3Qk7ttq,TF,BC wildfires,pm25,25.3
2024-08-15,Prince George,Prince George Plaza 400,https://go.nasa.gov/41gltux,TF,BC wildfires,pm25,31
2024-08-16,Prince George,Prince George Plaza 400,https://go.nasa.gov/3QkIZ34,TF,BC wildfires,pm25,17.8
2024-09-06,Prince George,Prince George Plaza 400,https://go.nasa.gov/4hXHO5E,TF,BC wildfires,pm25,51.1
2024-09-07,Prince George,Prince George Plaza 400,https://go.nasa.gov/3EE6C45,TF,BC wildfires,pm25,105.5
2024-09-08,Prince George,Prince George Plaza 400,https://go.nasa.gov/4b8mUP2,TF,BC wildfires,pm25,46.2
2025-06-11,Prince George,Prince George Plaza 400,https://go.nasa.gov/4zKN5Hi,TF,BC wildfires,pm25,62.5
2025-06-12,Prince George,Prince George Plaza 400,https://go.nasa.gov/4gFblBV,TF,BC wildfires,pm25,39.1
2025-06-21,Prince George,Prince George Plaza 400,https://go.nasa.gov/460UDbh,TF,BC wildfires,pm25,22.9
2025-06-22,Prince George,Prince George Plaza 400,https://go.nasa.gov/4yiwlpv,TF,BC wildfires,pm25,17.8
2025-06-23,Prince George,Prince George Plaza 400,https://go.nasa.gov/4zPruNR,TF,BC wildfires,pm25,11.8
2025-07-21,Prince George,Prince George Plaza 400,https://go.nasa.gov/3SitXje,TF,BC wildfires,pm25,15.2
2025-07-31,Prince George,Prince George Plaza 400,https://go.nasa.gov/4yayOls,TF,BC wildfires,pm25,16.7
2025-08-04,Prince George,Prince George Plaza 400,https://go.nasa.gov/4zOZwBS,TF,BC wildfires,pm25,17
2025-08-05,Prince George,Prince George Plaza 400,https://go.nasa.gov/3Taa91H,TF,BC wildfires,pm25,27.7
2025-08-28,Prince George,Prince George Plaza 400,https://go.nasa.gov/4gN0SEN,TF,BC wildfires,pm25,19.4
2025-08-30,Prince George,Prince George Plaza 400,https://go.nasa.gov/4iDbBnw,TF,BC wildfires,pm25,19.6
2025-08-31,Prince George,Prince George Plaza 400,https://go.nasa.gov/4cO3iSc,TF,BC wildfires,pm25,22.7
2025-09-01,Prince George,Prince George Plaza 400,https://go.nasa.gov/4gIa25h,TF,BC wildfires,pm25,28.3
2025-09-02,Prince George,Prince George Plaza 400,https://go.nasa.gov/45ZPfFn,TF,BC wildfires,pm25,62.1
2025-09-03,Prince George,Prince George Plaza 400,https://go.nasa.gov/4cFadgH,TF,BC wildfires,pm25,41.8
2025-09-04,Prince George,Prince George Plaza 400,https://go.nasa.gov/4ybQixW,TF,BC wildfires,pm25,32.8
2025-09-05,Prince George,Prince George Plaza 400,https://go.nasa.gov/3SKQOUH,TF,BC wildfires,pm25,64.1
2025-09-06,Prince George,Prince George Plaza 400,https://go.nasa.gov/4qPfOqj,TF,BC wildfires,pm25,32.2
2025-09-07,Prince George,Prince George Plaza 400,https://go.nasa.gov/3UtzGmR,TF,BC wildfires,pm25,50.9
2025-09-08,Prince George,Prince George Plaza 400,https://go.nasa.gov/3SFboFO,TF,BC wildfires,pm25,48.6
2025-09-09,Prince George,Prince George Plaza 400,https://go.nasa.gov/4x1uF2r,TF,BC wildfires,pm25,28.2
2025-09-10,Prince George,Prince George Plaza 400,https://go.nasa.gov/3V69hM3,TF,BC wildfires,pm25,17.9
2025-09-11,Prince George,Prince George Plaza 400,https://go.nasa.gov/4ya0MOl,TF,BC wildfires,pm25,47.9
2025-09-12,Prince George,Prince George Plaza 400,https://go.nasa.gov/4gJ2RKg,TF,BC wildfires,pm25,43.3
2025-09-13,Prince George,Prince George Plaza 400,https://go.nasa.gov/4qJqw1u,TF,BC wildfires,pm25,36.4
2025-09-14,Prince George,Prince George Plaza 400,https://go.nasa.gov/4yguQrR,TF,BC wildfires,pm25,12.7
2025-09-17,Prince George,Prince George Plaza 400,https://go.nasa.gov/4h2iP3d,TF,BC wildfires,pm25,13
2010-08-03,Smithers,Smithers St Josephs,https://go.nasa.gov/2WIeb4a,TF,BC wildfires,pm25,16.6
2010-08-04,Smithers,Smithers St Josephs,https://go.nasa.gov/2WJWW2z,TF,BC wildfires,pm25,66.8
2010-08-05,Smithers,Smithers St Josephs,https://go.nasa.gov/3iz05a3,TF,BC wildfires,pm25,36.6
2010-08-15,Smithers,Smithers St Josephs,https://go.nasa.gov/3ljCMmG,TF,BC wildfires,pm25,13
2010-08-16,Smithers,Smithers St Josephs,https://go.nasa.gov/3jCCaYH,TF,BC wildfires,pm25,4.7
2010-08-17,Smithers,Smithers St Josephs,https://go.nasa.gov/2F6Z6Av,TF,BC wildfires,pm25,18.2
2011-06-17,Smithers,Smithers St Josephs,https://go.nasa.gov/2ZLEmYP,TF,Alberta wildfires,pm25,18.2
2012-07-08,Smithers,Smithers St Josephs,https://go.nasa.gov/33yguYf,TF,Siberia wildfires,pm25,20.4
2012-07-08,Smithers,Smithers St Josephs,TF_EE evidence directory,TF,Siberia wildfires,pm25,20.4
2012-07-09,Smithers,Smithers St Josephs,https://go.nasa.gov/3iFbWn4,TF,Siberia wildfires,pm25,10.4
2012-07-09,Smithers,Smithers St Josephs,TF_EE evidence directory,TF,Siberia wildfires,pm25,10.4
2012-08-19,Smithers,Smithers St Josephs,https://go.nasa.gov/3abytGy,TF,BC wildfires,pm25,9.3
2012-08-19,Smithers,Smithers St Josephs,TF_EE evidence directory,TF,BC wildfires,pm25,6.4
2012-08-20,Smithers,Smithers St Josephs,https://go.nasa.gov/300GRXx,TF,BC wildfires,pm25,7.3
2012-09-20,Smithers,Smithers St Josephs,https://go.nasa.gov/3Dexq53,TF,BC wildfires,pm25,NA
2014-07-14,Smithers,Smithers St Josephs,https://go.nasa.gov/36G18TE,TF,BC wildfires,pm25,NA
2014-08-01,Smithers,Smithers St Josephs,https://go.nasa.gov/3iA0YiD,TF,BC wildfires,pm25,4.1
2014-08-02,Smithers,Smithers St Josephs,https://go.nasa.gov/34x2RHT,TF,BC wildfires,pm25,6.8
2014-08-15,Smithers,Smithers St Josephs,https://go.nasa.gov/3d7aFnN,TF,BC wildfires,pm25,16.2
2014-08-21,Smithers,Smithers St Josephs,https://go.nasa.gov/3ov9GWe,TF,BC wildfires,pm25,10.8
2014-08-24,Smithers,Smithers St Josephs,https://go.nasa.gov/36znPbY,TF,BC wildfires,pm25,14
2015-05-13,Smithers,Smithers St Josephs,https://go.nasa.gov/36NXebn,TF,BC wildfires,pm25,19.7
2017-08-06,Smithers,Smithers St Josephs,https://go.nasa.gov/36Ka36e,TF,BC wildfires,pm25,20
2017-08-07,Smithers,Smithers St Josephs,https://go.nasa.gov/3ny2W76,TF,BC wildfires,pm25,42.2
2017-08-08,Smithers,Smithers St Josephs,https://go.nasa.gov/3mwqoSr,TF,BC wildfires,pm25,62.6
2017-08-09,Smithers,Smithers St Josephs,https://go.nasa.gov/34D7FLV,TF,BC wildfires,pm25,37.1
2017-08-10,Smithers,Smithers St Josephs,https://go.nasa.gov/3ouKizJ,TF,BC wildfires,pm25,14.7
2017-08-11,Smithers,Smithers St Josephs,https://go.nasa.gov/30PPmlQ,TF,BC wildfires,pm25,11.1
2017-09-06,Smithers,Smithers St Josephs,https://go.nasa.gov/3jIYLTn,TF,BC wildfires,pm25,4.3
2017-09-07,Smithers,Smithers St Josephs,https://go.nasa.gov/2GMvvg3,TF,BC wildfires,pm25,9.4
2018-07-22,Smithers,Smithers St Josephs,https://go.nasa.gov/3a6UQwG,TF,BC wildfires,pm25,14.9
2018-07-24,Smithers,Smithers St Josephs,https://go.nasa.gov/34MYIQx,TF,BC wildfires,pm25,15.4
2018-07-25,Smithers,Smithers St Josephs,https://go.nasa.gov/30SwpPe,TF,BC wildfires,pm25,17.9
2018-07-26,Smithers,Smithers St Josephs,https://go.nasa.gov/30TFU0B,TF,BC wildfires,pm25,18
2018-07-27,Smithers,Smithers St Josephs,https://go.nasa.gov/3iRD4PL,TF,BC wildfires,pm25,14
2018-07-28,Smithers,Smithers St Josephs,https://go.nasa.gov/3iNwl9I,TF,BC wildfires,pm25,21.9
2018-07-29,Smithers,Smithers St Josephs,https://go.nasa.gov/33JTKV8,TF,BC wildfires,pm25,21.7
2018-07-31,Smithers,Smithers St Josephs,https://go.nasa.gov/3mj88Me,TF,BC wildfires,pm25,5.3
2018-08-01,Smithers,Smithers St Josephs,https://go.nasa.gov/3nUsefZ,TF,BC wildfires,pm25,11.9
2018-08-02,Smithers,Smithers St Josephs,https://go.nasa.gov/375063w,TF,BC wildfires,pm25,11.9
2018-08-11,Smithers,Smithers St Josephs,https://go.nasa.gov/33SunAw,TF,BC wildfires,pm25,11.7
2018-08-16,Smithers,Smithers St Josephs,https://go.nasa.gov/372QKVW,TF,BC wildfires,pm25,34.9
2018-08-19,Smithers,Smithers St Josephs,https://go.nasa.gov/314tYJE,TF,BC wildfires,pm25,128
2018-08-20,Smithers,Smithers St Josephs,https://go.nasa.gov/3nOjW9i,TF,BC wildfires,pm25,18.1
2018-08-21,Smithers,Smithers St Josephs,https://go.nasa.gov/3lFWt8k,TF,BC wildfires,pm25,17.5
2018-08-23,Smithers,Smithers St Josephs,https://go.nasa.gov/3lD7o2o,TF,BC wildfires,pm25,27.9
2018-09-04,Smithers,Smithers St Josephs,https://go.nasa.gov/34SUDu2,TF,BC wildfires,pm25,35.4
2018-09-05,Smithers,Smithers St Josephs,https://go.nasa.gov/3agbolT,TF,BC wildfires,pm25,23.6
2018-09-06,Smithers,Smithers St Josephs,https://go.nasa.gov/2GXtQ7w,TF,BC wildfires,pm25,10.3
2018-09-07,Smithers,Smithers St Josephs,https://go.nasa.gov/3nOuHII,TF,BC wildfires,pm25,19.5
2019-05-25,Smithers,Smithers St Josephs,https://go.nasa.gov/3lJrCYm,TF,Alberta wildfires,pm25,16.6
2019-05-26,Smithers,Smithers St Josephs,https://go.nasa.gov/3lMUq27,TF,Alberta wildfires,pm25,9.8
2019-05-27,Smithers,Smithers St Josephs,https://go.nasa.gov/2SOmTZ4,TF,Alberta wildfires,pm25,NA
2019-07-01,Smithers,Smithers St Josephs,https://go.nasa.gov/3oFhjcE,TF,Yukon wildfires,pm25,9.7
2019-07-02,Smithers,Smithers St Josephs,https://go.nasa.gov/3Bp4c30,TF,Yukon wildfires,pm25,7.6
2019-07-07,Smithers,Smithers St Josephs,https://go.nasa.gov/3uODuy9,TF,Yukon wildfires,pm25,8.6
2019-07-08,Smithers,Smithers St Josephs,https://go.nasa.gov/3uOE1A9,TF,Yukon wildfires,pm25,4.6
2019-07-09,Smithers,Smithers St Josephs,https://go.nasa.gov/3muQaqd,TF,Yukon wildfires,pm25,23.3
2020-09-13,Smithers,Smithers St Josephs,https://go.nasa.gov/2YAkvf5,TF,USA wildfires,pm25,13.7
2020-09-15,Smithers,Smithers St Josephs,https://go.nasa.gov/3uNSeNC,TF,USA wildfires,pm25,13.5
2020-09-16,Smithers,Smithers St Josephs,https://go.nasa.gov/2YsFGjg,TF,USA wildfires,pm25,14.4
2020-09-17,Smithers,Smithers St Josephs,https://go.nasa.gov/3ljQNn1,TF,USA wildfires,pm25,5.1
2020-09-18,Smithers,Smithers St Josephs,https://go.nasa.gov/3008fVr,TF,USA wildfires,pm25,10.2
2021-07-30,Smithers,Smithers St Josephs,https://go.nasa.gov/3ageu9t,TF,BC wildfires,pm25,10.6
2016-04-18,Taylor,Taylor Lone Wolf Golf Course,TF_EE evidence directory,TF,BC wildfires,pm25,10.1
2016-04-19,Taylor,Taylor Lone Wolf Golf Course,TF_EE evidence directory,TF,BC wildfires,pm25,12
2016-05-06,Taylor,Taylor Lone Wolf Golf Course,TF_EE evidence directory,TF,BC wildfires,pm25,13.7
2016-05-15,Taylor,Taylor Lone Wolf Golf Course,https://go.nasa.gov/3nyCkTx,TF,BC wildfires,pm25,10.6
2016-07-16,Taylor,Taylor Lone Wolf Golf Course,https://go.nasa.gov/30Py746,TF,BC wildfires; Alberta wildfires,pm25,18.9
2017-07-09,Taylor,Taylor Lone Wolf Golf Course,https://go.nasa.gov/2SRe9lb,TF,BC wildfires,pm25,25.9
2017-07-11,Taylor,Taylor Lone Wolf Golf Course,https://go.nasa.gov/33F3bp0,TF,BC wildfires,pm25,16.6
2017-07-12,Taylor,Taylor Lone Wolf Golf Course,https://go.nasa.gov/2FccdAf,TF,BC wildfires,pm25,17.2
2017-07-13,Taylor,Taylor Lone Wolf Golf Course,https://go.nasa.gov/2GKiQu6,TF,BC wildfires,pm25,29
2017-07-14,Taylor,Taylor Lone Wolf Golf Course,https://go.nasa.gov/3jDR0hH,TF,BC wildfires,pm25,15.4
2017-07-15,Taylor,Taylor Lone Wolf Golf Course,https://go.nasa.gov/3iCOaIs,TF,BC wildfires,pm25,7.9
2017-07-19,Taylor,Taylor Lone Wolf Golf Course,https://go.nasa.gov/3iFdVbf,TF,BC wildfires,pm25,14.5
2017-07-20,Taylor,Taylor Lone Wolf Golf Course,https://go.nasa.gov/3df3MB0,TF,BC wildfires,pm25,18.9
2017-07-26,Taylor,Taylor Lone Wolf Golf Course,https://go.nasa.gov/34HKfVI,TF,BC wildfires,pm25,21
2012-07-08,Telkwa,Telkwa,https://go.nasa.gov/33yguYf,TF,Siberia wildfires,pm25,21
2012-07-09,Telkwa,Telkwa,https://go.nasa.gov/3iFbWn4,TF,Siberia wildfires,pm25,9.7
2012-07-09,Telkwa,Telkwa,TF_EE evidence directory,TF,Siberia wildfires,pm25,9.7
2012-08-19,Telkwa,Telkwa,https://go.nasa.gov/3abytGy,TF,BC wildfires,pm25,8.1
2012-08-19,Telkwa,Telkwa,TF_EE evidence directory,TF,BC wildfires,pm25,NA
2012-08-20,Telkwa,Telkwa,https://go.nasa.gov/300GRXx,TF,BC wildfires,pm25,14.5
2012-09-20,Telkwa,Telkwa,https://go.nasa.gov/3Dexq53,TF,BC wildfires,pm25,9.5
2014-07-14,Telkwa,Telkwa,https://go.nasa.gov/36G18TE,TF,BC wildfires,pm25,10.2
2014-08-01,Telkwa,Telkwa,https://go.nasa.gov/3iA0YiD,TF,BC wildfires,pm25,3.6
2014-08-02,Telkwa,Telkwa,https://go.nasa.gov/34x2RHT,TF,BC wildfires,pm25,8.2
2014-08-15,Telkwa,Telkwa,https://go.nasa.gov/3d7aFnN,TF,BC wildfires,pm25,17.8
2014-08-21,Telkwa,Telkwa,https://go.nasa.gov/3ov9GWe,TF,BC wildfires,pm25,18.7
2014-08-24,Telkwa,Telkwa,https://go.nasa.gov/36znPbY,TF,BC wildfires,pm25,19.1
2017-07-08,Valemount,Valemount,https://go.nasa.gov/3jHrsjG,TF,BC wildfires,pm25,29.5
2017-07-09,Valemount,Valemount,https://go.nasa.gov/2SRe9lb,TF,BC wildfires,pm25,59.2
2017-07-10,Valemount,Valemount,https://go.nasa.gov/2GLYq3S,TF,BC wildfires,pm25,41.5
2017-07-11,Valemount,Valemount,https://go.nasa.gov/33F3bp0,TF,BC wildfires,pm25,27
2017-07-12,Valemount,Valemount,https://go.nasa.gov/2FccdAf,TF,BC wildfires,pm25,17.4
2017-07-13,Valemount,Valemount,https://go.nasa.gov/2GKiQu6,TF,BC wildfires,pm25,16.6
2017-07-14,Valemount,Valemount,https://go.nasa.gov/3jDR0hH,TF,BC wildfires,pm25,15.2
2017-07-15,Valemount,Valemount,https://go.nasa.gov/3iCOaIs,TF,BC wildfires,pm25,15.2
2017-07-16,Valemount,Valemount,https://go.nasa.gov/3Dir4l1,TF,BC wildfires,pm25,50.9
2017-07-17,Valemount,Valemount,https://go.nasa.gov/33F8Z1M,TF,BC wildfires,pm25,75.9
2017-07-18,Valemount,Valemount,https://go.nasa.gov/3iFe12B,TF,BC wildfires,pm25,32.3
2017-07-19,Valemount,Valemount,https://go.nasa.gov/3iFdVbf,TF,BC wildfires,pm25,6.1
2017-07-20,Valemount,Valemount,https://go.nasa.gov/3df3MB0,TF,BC wildfires,pm25,6.5
2017-07-21,Valemount,Valemount,https://go.nasa.gov/3uQ1DEH,TF,BC wildfires,pm25,7.9
2017-07-26,Valemount,Valemount,https://go.nasa.gov/34HKfVI,TF,BC wildfires,pm25,13.3
2017-07-28,Valemount,Valemount,https://go.nasa.gov/3FjfB6N,TF,BC wildfires,pm25,23
2017-07-29,Valemount,Valemount,https://go.nasa.gov/3jM9Mn5,TF,BC wildfires,pm25,7.5
2017-07-30,Valemount,Valemount,https://go.nasa.gov/3diXW1u,TF,BC wildfires,pm25,17.4
2017-08-03,Valemount,Valemount,https://go.nasa.gov/3lpcMWU,TF,BC wildfires,pm25,16.3
2017-08-06,Valemount,Valemount,https://go.nasa.gov/2IbqTAV,TF,BC wildfires,pm25,5.7
2017-08-07,Valemount,Valemount,https://go.nasa.gov/3ny2W76,TF,BC wildfires,pm25,5.8
2017-08-08,Valemount,Valemount,https://go.nasa.gov/3mwqoSr,TF,BC wildfires,pm25,17.4
2017-08-09,Valemount,Valemount,https://go.nasa.gov/34D7FLV,TF,BC wildfires,pm25,36.6
2017-08-11,Valemount,Valemount,https://go.nasa.gov/30PPmlQ,TF,BC wildfires,pm25,75.9
2017-08-12,Valemount,Valemount,https://go.nasa.gov/3lk73lg,TF,BC wildfires,pm25,42.3
2017-08-13,Valemount,Valemount,https://go.nasa.gov/3nvv1Mf,TF,BC wildfires,pm25,45.9
2017-08-14,Valemount,Valemount,https://go.nasa.gov/3nyW4q7,TF,BC wildfires,pm25,52.4
2017-08-15,Valemount,Valemount,https://go.nasa.gov/3iKb1li,TF,BC wildfires,pm25,65.7
2017-08-16,Valemount,Valemount,https://go.nasa.gov/2I5YiwF,TF,BC wildfires,pm25,35.1
2017-08-17,Valemount,Valemount,https://go.nasa.gov/3nzxaX4,TF,BC wildfires,pm25,12.1
2017-08-18,Valemount,Valemount,https://go.nasa.gov/3ntwgLP,TF,BC wildfires,pm25,19.9
2017-08-20,Valemount,Valemount,https://go.nasa.gov/30OkHoN,TF,BC wildfires,pm25,11.2
2017-08-21,Valemount,Valemount,https://go.nasa.gov/3jJIL3I,TF,BC wildfires,pm25,16.3
2017-08-22,Valemount,Valemount,https://go.nasa.gov/36LZP5y,TF,BC wildfires,pm25,27.1
2017-08-29,Valemount,Valemount,https://go.nasa.gov/30JhiaH,TF,BC wildfires,pm25,12.8
2017-08-30,Valemount,Valemount,https://go.nasa.gov/33IlsSs,TF,BC wildfires,pm25,23.6
2017-08-31,Valemount,Valemount,https://go.nasa.gov/3FsNwdo,TF,BC wildfires,pm25,15.3
2017-09-01,Valemount,Valemount,https://go.nasa.gov/34CgrtQ,TF,BC wildfires,pm25,19.4
2017-09-02,Valemount,Valemount,https://go.nasa.gov/3muKrRg,TF,BC wildfires,pm25,34.6
2017-09-05,Valemount,Valemount,https://go.nasa.gov/2GDUcvw,TF,BC wildfires,pm25,75.8
2017-09-06,Valemount,Valemount,https://go.nasa.gov/3jIYLTn,TF,BC wildfires,pm25,14.2
2017-09-07,Valemount,Valemount,https://go.nasa.gov/2GMvvg3,TF,BC wildfires,pm25,15.2
2018-07-25,Valemount,Valemount,https://go.nasa.gov/30SwpPe,TF,BC wildfires,pm25,10.2
2018-07-26,Valemount,Valemount,https://go.nasa.gov/30TFU0B,TF,BC wildfires,pm25,13.3
2018-07-27,Valemount,Valemount,https://go.nasa.gov/3iRD4PL,TF,BC wildfires,pm25,18.6
2018-07-28,Valemount,Valemount,https://go.nasa.gov/3iNwl9I,TF,BC wildfires,pm25,14.2
2018-07-30,Valemount,Valemount,https://go.nasa.gov/33M1je4,TF,BC wildfires,pm25,12.7
2018-07-31,Valemount,Valemount,https://go.nasa.gov/3weyWmC,TF,BC wildfires,pm25,11.3
2018-08-01,Valemount,Valemount,https://go.nasa.gov/3nUsefZ,TF,BC wildfires,pm25,62.1
2018-08-02,Valemount,Valemount,https://go.nasa.gov/375063w,TF,BC wildfires,pm25,56.4
2018-08-07,Valemount,Valemount,https://go.nasa.gov/3jVhfQJ,TF,BC wildfires,pm25,43.4
2018-08-08,Valemount,Valemount,https://go.nasa.gov/36Yj394,TF,BC wildfires,pm25,112
2018-08-09,Valemount,Valemount,https://go.nasa.gov/370SXBi,TF,BC wildfires,pm25,116
2018-08-10,Valemount,Valemount,https://go.nasa.gov/370Ix4L,TF,BC wildfires,pm25,20
2018-08-11,Valemount,Valemount,https://go.nasa.gov/33SunAw,TF,BC wildfires,pm25,26.9
2018-08-12,Valemount,Valemount,https://go.nasa.gov/33Uvy2B,TF,BC wildfires,pm25,80.6
2018-08-13,Valemount,Valemount,https://go.nasa.gov/33T6bxV,TF,BC wildfires,pm25,103
2018-08-14,Valemount,Valemount,https://go.nasa.gov/313dsJK,TF,BC wildfires,pm25,92.2
2018-08-15,Valemount,Valemount,https://go.nasa.gov/3dp50cN,TF,BC wildfires,pm25,148
2018-08-16,Valemount,Valemount,https://go.nasa.gov/372QKVW,TF,BC wildfires,pm25,126
2018-08-17,Valemount,Valemount,https://go.nasa.gov/3nP5DBp,TF,BC wildfires,pm25,33.4
2018-08-18,Valemount,Valemount,https://go.nasa.gov/3dpiPIr,TF,BC wildfires,pm25,20.9
2018-08-19,Valemount,Valemount,https://go.nasa.gov/314tYJE,TF,BC wildfires,pm25,59.6
2018-08-20,Valemount,Valemount,https://go.nasa.gov/3nOjW9i,TF,BC wildfires,pm25,83.7
2018-08-21,Valemount,Valemount,https://go.nasa.gov/3lFWt8k,TF,BC wildfires,pm25,181
2018-08-22,Valemount,Valemount,https://go.nasa.gov/313YwLp,TF,BC wildfires,pm25,134
2018-08-23,Valemount,Valemount,https://go.nasa.gov/3lD7o2o,TF,BC wildfires,pm25,114
2018-08-24,Valemount,Valemount,https://go.nasa.gov/3dmRaaO,TF,BC wildfires,pm25,27.2
2018-08-25,Valemount,Valemount,https://go.nasa.gov/3nNlKPO,TF,BC wildfires,pm25,13.8
2018-08-26,Valemount,Valemount,https://go.nasa.gov/3uNW2ys,TF,BC wildfires,pm25,21
2018-09-01,Valemount,Valemount,https://go.nasa.gov/2Fr84bZ,TF,BC wildfires,pm25,21
2018-09-02,Valemount,Valemount,https://go.nasa.gov/3lhuFcW,TF,BC wildfires,pm25,12.3
2018-09-02,Valemount,Valemount,TF_EE evidence directory,TF,BC wildfires,pm25,17.5
2018-09-06,Valemount,Valemount,https://go.nasa.gov/2GXtQ7w,TF,BC wildfires,pm25,19.9
2019-05-25,Valemount,Valemount,https://go.nasa.gov/3lJrCYm,TF,Alberta wildfires,pm25,10.3
2019-05-26,Valemount,Valemount,https://go.nasa.gov/3lMUq27,TF,Alberta wildfires,pm25,11.1
2019-05-27,Valemount,Valemount,https://go.nasa.gov/2SOmTZ4,TF,Alberta wildfires,pm25,8.8
2019-05-31,Valemount,Valemount,https://go.nasa.gov/33VaBV6,TF,Alberta wildfires,pm25,42.6
2020-09-12,Valemount,Valemount,https://go.nasa.gov/3AiAwTx,TF,USA wildfires,pm25,12.9
2020-09-13,Valemount,Valemount,https://go.nasa.gov/2YAkvf5,TF,USA wildfires,pm25,27.7
2020-09-15,Valemount,Valemount,https://go.nasa.gov/3uNSeNC,TF,USA wildfires,pm25,21.6
2020-09-16,Valemount,Valemount,https://go.nasa.gov/2YsFGjg,TF,USA wildfires,pm25,33.1
2020-09-17,Valemount,Valemount,https://go.nasa.gov/3ljQNn1,TF,USA wildfires,pm25,32.3
2020-09-18,Valemount,Valemount,https://go.nasa.gov/3008fVr,TF,USA wildfires,pm25,11.8
2020-09-19,Valemount,Valemount,https://go.nasa.gov/3BpeCQa,TF,USA wildfires,pm25,15.8
2021-06-30,Valemount,Valemount,https://go.nasa.gov/3Aj4hnu,TF,BC wildfires,pm25,16
2021-07-01,Valemount,Valemount,https://go.nasa.gov/3uOw262,TF,BC wildfires,pm25,17
2021-07-08,Valemount,Valemount,https://go.nasa.gov/3llzaTU,TF,BC wildfires,pm25,16.8
2021-07-09,Valemount,Valemount,https://go.nasa.gov/309UILj,TF,BC wildfires,pm25,25
2021-07-12,Valemount,Valemount,https://go.nasa.gov/3ahMimM,TF,BC wildfires,pm25,71.6
2021-07-13,Valemount,Valemount,https://go.nasa.gov/3iFqXs1,TF,BC wildfires,pm25,39.9
2021-07-14,Valemount,Valemount,https://go.nasa.gov/3oInPzo,TF,BC wildfires,pm25,22.1
2021-07-15,Valemount,Valemount,https://go.nasa.gov/3agGLgd,TF,BC wildfires,pm25,23.9
2021-07-16,Valemount,Valemount,https://go.nasa.gov/307ckY3,TF,BC wildfires,pm25,17.4
2021-07-17,Valemount,Valemount,https://go.nasa.gov/3AlxIFh,TF,BC wildfires,pm25,19.3
2021-07-18,Valemount,Valemount,https://go.nasa.gov/3DnD1Gq,TF,BC wildfires,pm25,43.9
2021-07-19,Valemount,Valemount,https://go.nasa.gov/3DkNBxL,TF,BC wildfires,pm25,18.7
2021-07-20,Valemount,Valemount,https://go.nasa.gov/3aeDXjR,TF,BC wildfires,pm25,41.1
2021-07-21,Valemount,Valemount,https://go.nasa.gov/3oHg5xG,TF,BC wildfires,pm25,16
2021-07-28,Valemount,Valemount,https://go.nasa.gov/2WRwSmb,TF,BC wildfires,pm25,46.1
2021-07-29,Valemount,Valemount,https://go.nasa.gov/3oHo79U,TF,BC wildfires,pm25,95.2
2021-07-30,Valemount,Valemount,https://go.nasa.gov/3ageu9t,TF,BC wildfires,pm25,91.1
2021-07-31,Valemount,Valemount,https://go.nasa.gov/3ljlIji ,TF,BC wildfires,pm25,110
2021-08-01,Valemount,Valemount,https://go.nasa.gov/3DmyEeq ,TF,BC wildfires,pm25,52.5
2021-08-02,Valemount,Valemount,https://go.nasa.gov/3FtHAk3 ,TF,BC wildfires,pm25,39.4
2021-08-03,Valemount,Valemount,https://go.nasa.gov/3Bl6TT5 ,TF,BC wildfires,pm25,39
2021-08-04,Valemount,Valemount,https://go.nasa.gov/3af9PVt ,TF,BC wildfires,pm25,42.8
2021-08-05,Valemount,Valemount,https://go.nasa.gov/3j08kPR ,TF,BC wildfires,pm25,13.6
2021-08-07,Valemount,Valemount,https://go.nasa.gov/3AnN501 ,TF,BC wildfires,pm25,45.1
2021-08-13,Valemount,Valemount,https://go.nasa.gov/3aiizdu ,TF,BC wildfires,pm25,30.3
2021-08-14,Valemount,Valemount,https://go.nasa.gov/3AkHszJ ,TF,BC wildfires,pm25,11.2
2021-08-15,Valemount,Valemount,https://go.nasa.gov/3uOfueC ,TF,BC wildfires,pm25,12.7
2023-05-09,Valemount,Valemount,https://go.nasa.gov/4hZgQKN,TF,Alberta wildfires,pm25,24.1
2023-05-10,Valemount,Valemount,https://go.nasa.gov/4hWow0o,TF,Alberta wildfires,pm25,21.3
2023-05-14,Valemount,Valemount,https://go.nasa.gov/4hWOD7t,TF,BC wildfires; Alberta wildfires,pm25,11.4
2023-05-15,Valemount,Valemount,https://go.nasa.gov/3EEftms,TF,BC wildfires,pm25,13.9
2023-05-16,Valemount,Valemount,https://go.nasa.gov/40TKkCW,TF,BC wildfires,pm25,45.3
2023-05-17,Valemount,Valemount,https://go.nasa.gov/3X4aQbL,TF,BC wildfires; Alberta wildfires,pm25,73.6
2023-05-18,Valemount,Valemount,https://go.nasa.gov/3D4od4G,TF,BC wildfires; Alberta wildfires,pm25,58.4
2023-05-19,Valemount,Valemount,https://go.nasa.gov/42XRHfs,TF,BC wildfires; Alberta wildfires,pm25,32.1
2023-06-08,Valemount,Valemount,https://go.nasa.gov/3QEIXn7,TF,BC wildfires; Alberta wildfires,pm25,21.3
2023-06-09,Valemount,Valemount,https://go.nasa.gov/3CSwFE7,TF,BC wildfires; Alberta wildfires,pm25,15.7
2023-06-10,Valemount,Valemount,https://go.nasa.gov/4ke4dO7,TF,BC wildfires; Alberta wildfires,pm25,11.8
2023-06-14,Valemount,Valemount,https://go.nasa.gov/4b8pvsg,TF,BC wildfires; Alberta wildfires,pm25,38.3
2023-06-15,Valemount,Valemount,https://go.nasa.gov/3QhhEiv,TF,BC wildfires; Alberta wildfires,pm25,41.7
2023-06-27,Valemount,Valemount,https://go.nasa.gov/42Yru06,TF,BC wildfires; Alberta wildfires,pm25,19.7
2023-06-28,Valemount,Valemount,https://go.nasa.gov/41idjS8,TF,BC wildfires; Alberta wildfires,pm25,20.1
2023-07-05,Valemount,Valemount,https://go.nasa.gov/4gNiDSa,TF,BC wildfires; Alberta wildfires,pm25,17.5
2023-07-06,Valemount,Valemount,https://go.nasa.gov/41hEGMr,TF,BC wildfires; Alberta wildfires,pm25,25.7
2023-07-07,Valemount,Valemount,https://go.nasa.gov/4gGyPEP,TF,BC wildfires; Alberta wildfires,pm25,18.8
2023-07-08,Valemount,Valemount,https://go.nasa.gov/42XVVUm,TF,BC wildfires,pm25,14.1
2023-07-09,Valemount,Valemount,https://go.nasa.gov/4b3HUpR,TF,BC wildfires; Alberta wildfires,pm25,22.3
2023-07-10,Valemount,Valemount,https://go.nasa.gov/4gGiqjI,TF,BC wildfires; Alberta wildfires,pm25,27.2
2023-07-11,Valemount,Valemount,https://go.nasa.gov/4gGi6l6,TF,BC wildfires; Alberta wildfires,pm25,29.6
2023-07-12,Valemount,Valemount,https://go.nasa.gov/4aZWBdM,TF,BC wildfires; Alberta wildfires,pm25,30.1
2023-07-13,Valemount,Valemount,https://go.nasa.gov/4jXtiwu,TF,BC wildfires; Alberta wildfires,pm25,80.5
2023-07-14,Valemount,Valemount,https://go.nasa.gov/3QgTnsP,TF,BC wildfires; Alberta wildfires,pm25,79.3
2023-07-15,Valemount,Valemount,https://go.nasa.gov/3EG3wwE,TF,BC wildfires; Alberta wildfires,pm25,110.7
2023-07-16,Valemount,Valemount,https://go.nasa.gov/4k2EFn0,TF,BC wildfires; Alberta wildfires,pm25,79.2
2023-07-17,Valemount,Valemount,https://go.nasa.gov/3X0zKJ8,TF,BC wildfires; Alberta wildfires,pm25,19.4
2023-07-18,Valemount,Valemount,https://go.nasa.gov/4k0QZUI,TF,BC wildfires; Alberta wildfires,pm25,14.1
2023-07-19,Valemount,Valemount,https://go.nasa.gov/4k0R0YM,TF,BC wildfires; Alberta wildfires,pm25,15.2
2023-07-20,Valemount,Valemount,https://go.nasa.gov/4bigTPX,TF,BC wildfires; Alberta wildfires,pm25,8.4
2023-07-21,Valemount,Valemount,https://go.nasa.gov/3X3kgUG,TF,BC wildfires; Alberta wildfires,pm25,13.2
2023-07-22,Valemount,Valemount,https://go.nasa.gov/3X18D0w,TF,BC wildfires; Alberta wildfires,pm25,28
2023-08-01,Valemount,Valemount,https://go.nasa.gov/4bawUXV,TF,BC wildfires,pm25,8
2023-08-06,Valemount,Valemount,https://go.nasa.gov/4k2VAph,TF,BC wildfires,pm25,10.2
2023-08-07,Valemount,Valemount,https://go.nasa.gov/4b5lAw1,TF,BC wildfires,pm25,23.9
2023-08-07,Valemount,Valemount,https://go.nasa.gov/3Qlx0lV,TF,BC wildfires,pm25,31.3
2023-08-14,Valemount,Valemount,https://go.nasa.gov/3QmefPm,TF,BC wildfires,pm25,15.2
2023-08-15,Valemount,Valemount,https://go.nasa.gov/3ECNQdB,TF,BC wildfires,pm25,19.9
2023-08-16,Valemount,Valemount,https://go.nasa.gov/41isjQd,TF,BC wildfires,pm25,18.5
2023-08-17,Valemount,Valemount,https://go.nasa.gov/4k30H8R,TF,BC wildfires,pm25,16.5
2023-08-21,Valemount,Valemount,https://go.nasa.gov/432tHHR,TF,BC wildfires,pm25,55.6
2023-08-22,Valemount,Valemount,https://go.nasa.gov/4hXl99q,TF,BC wildfires,pm25,40.2
2023-08-23,Valemount,Valemount,https://go.nasa.gov/41juS4C,TF,BC wildfires,pm25,25.7
2023-08-24,Valemount,Valemount,https://go.nasa.gov/4gIzhCv,TF,BC wildfires,pm25,47.1
2023-08-25,Valemount,Valemount,https://go.nasa.gov/4i1mmMZ,TF,BC wildfires,pm25,13.2
2023-08-26,Valemount,Valemount,https://go.nasa.gov/4gEYrSw,TF,BC wildfires,pm25,17.2
2023-08-27,Valemount,Valemount,https://go.nasa.gov/3CXjD8r,TF,BC wildfires,pm25,18.8
2023-08-28,Valemount,Valemount,https://go.nasa.gov/3CJ0FT3,TF,BC wildfires,pm25,17.3
2023-08-29,Valemount,Valemount,https://go.nasa.gov/3EI9kFV,TF,BC wildfires,pm25,23.1
2023-08-30,Valemount,Valemount,https://go.nasa.gov/4jULVkJ,TF,BC wildfires,pm25,39.6
2023-08-31,Valemount,Valemount,https://go.nasa.gov/4gIQQSQ,TF,BC wildfires,pm25,8.8
2023-09-01,Valemount,Valemount,https://go.nasa.gov/3ECaYJc,TF,BC wildfires,pm25,9.8
2023-09-02,Valemount,Valemount,https://go.nasa.gov/4b5HqQ3,TF,BC wildfires,pm25,27.9
2023-09-03,Valemount,Valemount,https://go.nasa.gov/4hVyUFu,TF,BC wildfires,pm25,75.3
2023-09-04,Valemount,Valemount,https://go.nasa.gov/412H20d,TF,BC wildfires,pm25,90.6
2023-09-05,Valemount,Valemount,https://go.nasa.gov/415f3Nk,TF,BC wildfires,pm25,31.2
2023-09-16,Valemount,Valemount,https://go.nasa.gov/41hpnDf,TF,BC wildfires,pm25,22.8
2023-09-17,Valemount,Valemount,https://go.nasa.gov/42YuWb3,TF,BC wildfires,pm25,57
2023-09-18,Valemount,Valemount,https://go.nasa.gov/41iuK5j,TF,BC wildfires,pm25,5.3
2023-09-19,Valemount,Valemount,https://go.nasa.gov/410jhGg,TF,BC wildfires,pm25,10.1
2023-09-20,Valemount,Valemount,https://go.nasa.gov/3CFZfZy,TF,BC wildfires,pm25,19.8
2023-09-21,Valemount,Valemount,https://go.nasa.gov/41mjo0g,TF,BC wildfires,pm25,19
2024-07-18,Valemount,Valemount,https://go.nasa.gov/41h8NU8,TF,BC wildfires,pm25,10.3
2024-07-21,Valemount,Valemount,https://go.nasa.gov/40WAhwZ,TF,BC wildfires,pm25,31.1
2024-07-22,Valemount,Valemount,https://go.nasa.gov/3QkEPsg,TF,BC wildfires,pm25,46.5
2024-07-23,Valemount,Valemount,https://go.nasa.gov/4hTpWZm,TF,BC wildfires,pm25,33.4
2024-07-27,Valemount,Valemount,https://go.nasa.gov/4gGJH5u,TF,BC wildfires,pm25,9.4
2024-08-03,Valemount,Valemount,https://go.nasa.gov/4hElXQK,TF,BC wildfires,pm25,10.8
2024-08-04,Valemount,Valemount,https://go.nasa.gov/3QnSGxC,TF,BC wildfires,pm25,13.4
2024-08-04,Valemount,Valemount,https://go.nasa.gov/3EG0KaH,TF,BC wildfires,pm25,16.5
2024-08-08,Valemount,Valemount,https://go.nasa.gov/43fTcpt,TF,BC wildfires,pm25,4.6
2024-08-09,Valemount,Valemount,https://go.nasa.gov/3X110Hw,TF,BC wildfires,pm25,7.8
2024-08-10,Valemount,Valemount,https://go.nasa.gov/3CRlfk2,TF,BC wildfires,pm25,12
2024-08-11,Valemount,Valemount,https://go.nasa.gov/3CRlfk2,TF,BC wildfires,pm25,9.6
2024-08-12,Valemount,Valemount,https://go.nasa.gov/3CHXPxE,TF,BC wildfires,pm25,9.4
2024-08-13,Valemount,Valemount,https://go.nasa.gov/41f5uN3,TF,BC wildfires,pm25,11.2
2024-08-14,Valemount,Valemount,https://go.nasa.gov/3Qk7ttq,TF,BC wildfires,pm25,14
2024-08-15,Valemount,Valemount,https://go.nasa.gov/41gltux,TF,BC wildfires,pm25,14.2
2024-08-16,Valemount,Valemount,https://go.nasa.gov/3QkIZ34,TF,BC wildfires,pm25,17.8
2024-09-08,Valemount,Valemount,https://go.nasa.gov/4b8mUP2,TF,BC wildfires,pm25,17.5
2010-06-20,Vanderhoof,Vanderhoof Courthouse,https://go.nasa.gov/3jq3edR ,TF,BC wildfires,pm25,16
2010-06-22,Vanderhoof,Vanderhoof Courthouse,https://go.nasa.gov/34kRlPR ,TF,BC wildfires,pm25,10.4
2010-07-29,Vanderhoof,Vanderhoof Courthouse,https://go.nasa.gov/3ljN6L8 ,TF,BC wildfires,pm25,16.3
2010-08-03,Vanderhoof,Vanderhoof Courthouse,https://go.nasa.gov/2WIeb4a,TF,BC wildfires,pm25,28.9
2010-08-04,Vanderhoof,Vanderhoof Courthouse,https://go.nasa.gov/2WJWW2z,TF,BC wildfires,pm25,29.2
2010-08-05,Vanderhoof,Vanderhoof Courthouse,https://go.nasa.gov/3iz05a3,TF,BC wildfires,pm25,17
2010-08-06,Vanderhoof,Vanderhoof Courthouse,https://go.nasa.gov/2SuP5zV,TF,BC wildfires,pm25,70.2
2010-08-15,Vanderhoof,Vanderhoof Courthouse,https://go.nasa.gov/3ljCMmG,TF,BC wildfires,pm25,71
2010-08-16,Vanderhoof,Vanderhoof Courthouse,https://go.nasa.gov/3jCCaYH,TF,BC wildfires,pm25,54.6
2010-08-17,Vanderhoof,Vanderhoof Courthouse,https://go.nasa.gov/2F6Z6Av,TF,BC wildfires,pm25,86.4
2010-08-18,Vanderhoof,Vanderhoof Courthouse,https://go.nasa.gov/33CNEWO,TF,BC wildfires,pm25,NA
2010-08-19,Vanderhoof,Vanderhoof Courthouse,https://go.nasa.gov/3nrJau2,TF,BC wildfires,pm25,101
2010-08-20,Vanderhoof,Vanderhoof Courthouse,https://go.nasa.gov/2GLimnG,TF,BC wildfires,pm25,45.6
2010-08-21,Vanderhoof,Vanderhoof Courthouse,https://go.nasa.gov/33B2Aok,TF,BC wildfires,pm25,18.3
2010-08-22,Vanderhoof,Vanderhoof Courthouse,https://go.nasa.gov/3jwLygx,TF,BC wildfires,pm25,21.2
2010-08-23,Vanderhoof,Vanderhoof Courthouse,https://go.nasa.gov/3lgFhsR,TF,BC wildfires,pm25,24.7
2011-06-16,Vanderhoof,Vanderhoof Courthouse,TF_EE evidence directory,TF,Alberta wildfires,pm25,23.3
2011-06-17,Vanderhoof,Vanderhoof Courthouse,TF_EE evidence directory,TF,Alberta wildfires,pm25,23.3
2012-07-08,Vanderhoof,Vanderhoof Courthouse,https://go.nasa.gov/33yguYf,TF,Siberia wildfires,pm25,37.3
2012-07-08,Vanderhoof,Vanderhoof Courthouse,TF_EE evidence directory,TF,Siberia wildfires,pm25,37.3
2012-07-09,Vanderhoof,Vanderhoof Courthouse,https://go.nasa.gov/3iFbWn4,TF,Siberia wildfires,pm25,22.5
2012-07-09,Vanderhoof,Vanderhoof Courthouse,TF_EE evidence directory,TF,Siberia wildfires,pm25,18
2012-07-15,Vanderhoof,Vanderhoof Courthouse,https://go.nasa.gov/2GIpH7r,TF,Alberta wildfires,pm25,5.3
2012-07-16,Vanderhoof,Vanderhoof Courthouse,https://go.nasa.gov/3d6eFF4,TF,Alberta wildfires,pm25,18.5
2012-08-09,Vanderhoof,Vanderhoof Courthouse,https://go.nasa.gov/2Yr1eN2,TF,Alberta wildfires,pm25,12.5
2012-08-13,Vanderhoof,Vanderhoof Courthouse,TF_EE evidence directory,TF,BC wildfires,pm25,12.5
2012-08-19,Vanderhoof,Vanderhoof Courthouse,https://go.nasa.gov/3abytGy,TF,BC wildfires,pm25,11.7
2012-08-19,Vanderhoof,Vanderhoof Courthouse,TF_EE evidence directory,TF,BC wildfires,pm25,17.2
2012-08-20,Vanderhoof,Vanderhoof Courthouse,https://go.nasa.gov/300GRXx,TF,BC wildfires,pm25,22.5
2012-09-20,Vanderhoof,Vanderhoof Courthouse,https://go.nasa.gov/3Dexq53,TF,BC wildfires,pm25,22.5
2012-09-21,Vanderhoof,Vanderhoof Courthouse,https://go.nasa.gov/34yOaEa,TF,BC wildfires,pm25,7.2
2012-09-21,Vanderhoof,Vanderhoof Courthouse,TF_EE evidence directory,TF,BC wildfires,pm25,18.9
2014-07-10,Vanderhoof,Vanderhoof Courthouse,https://go.nasa.gov/3jDU8Km,TF,NWT wildfires,pm25,NA
2014-07-11,Vanderhoof,Vanderhoof Courthouse,https://go.nasa.gov/3d3zLns,TF,BC wildfires,pm25,NA
2014-07-12,Vanderhoof,Vanderhoof Courthouse,https://go.nasa.gov/2GzPVt1,TF,BC wildfires,pm25,NA
2014-07-13,Vanderhoof,Vanderhoof Courthouse,https://go.nasa.gov/34vF2Af,TF,BC wildfires,pm25,NA
2014-07-14,Vanderhoof,Vanderhoof Courthouse,https://go.nasa.gov/36G18TE,TF,BC wildfires,pm25,27.2
2014-07-15,Vanderhoof,Vanderhoof Courthouse,https://go.nasa.gov/3izXixl,TF,BC wildfires,pm25,25.1
2014-08-01,Vanderhoof,Vanderhoof Courthouse,https://go.nasa.gov/3iA0YiD,TF,BC wildfires,pm25,28.3
2014-08-02,Vanderhoof,Vanderhoof Courthouse,https://go.nasa.gov/34x2RHT,TF,BC wildfires,pm25,68.7
2014-08-03,Vanderhoof,Vanderhoof Courthouse,https://go.nasa.gov/33AXgB4,TF,BC wildfires,pm25,37
2014-08-04,Vanderhoof,Vanderhoof Courthouse,https://go.nasa.gov/3iA16P9,TF,BC wildfires,pm25,17.8
2014-08-05,Vanderhoof,Vanderhoof Courthouse,https://go.nasa.gov/36AEWdr,TF,BC wildfires,pm25,19.7
2014-08-12,Vanderhoof,Vanderhoof Courthouse,https://go.nasa.gov/3no5THd,TF,BC wildfires,pm25,15
2014-08-13,Vanderhoof,Vanderhoof Courthouse,https://go.nasa.gov/3iwKt76,TF,BC wildfires,pm25,45
2014-08-14,Vanderhoof,Vanderhoof Courthouse,https://go.nasa.gov/30Hzu4N,TF,BC wildfires,pm25,34.6
2014-08-15,Vanderhoof,Vanderhoof Courthouse,https://go.nasa.gov/3d7aFnN,TF,BC wildfires,pm25,7.1
2014-08-18,Vanderhoof,Vanderhoof Courthouse,Bulletin Issued,TF,BC wildfires,pm25,8.9
2014-08-24,Vanderhoof,Vanderhoof Courthouse,https://go.nasa.gov/36znPbY,TF,BC wildfires,pm25,20.4
2014-09-15,Vanderhoof,Vanderhoof Courthouse,https://go.nasa.gov/3FmiaVG,TF,BC wildfires,pm25,30.9
2014-09-16,Vanderhoof,Vanderhoof Courthouse,https://go.nasa.gov/3iC7ybv,TF,BC wildfires,pm25,36.8
2014-09-17,Vanderhoof,Vanderhoof Courthouse,,TF,BC wildfires,pm25,NA
2014-09-18,Vanderhoof,Vanderhoof Courthouse,,TF,BC wildfires,pm25,28.6
2015-05-11,Vanderhoof,Vanderhoof Courthouse,https://go.nasa.gov/3d5JREu,TF,BC wildfires,pm25,31.7
2015-05-13,Vanderhoof,Vanderhoof Courthouse,https://go.nasa.gov/36NXebn,TF,BC wildfires,pm25,20
2015-05-15,Vanderhoof,Vanderhoof Courthouse,https://go.nasa.gov/3nqYyXt,TF,BC wildfires,pm25,20.5
2015-05-18,Vanderhoof,Vanderhoof Courthouse,TF_EE evidence directory,TF,BC wildfires,pm25,15.1
2015-05-18,Vanderhoof,Vanderhoof Courthouse,https://go.nasa.gov/2YoeIZp,TF,BC wildfires,pm25,15.7
2015-05-26,Vanderhoof,Vanderhoof Courthouse,https://go.nasa.gov/2I4b4Md,TF,BC wildfires,pm25,12.6
2015-07-11,Vanderhoof,Vanderhoof Courthouse,https://go.nasa.gov/34PecDF,TF,BC wildfires,pm25,8.6
2017-07-08,Vanderhoof,Vanderhoof Courthouse,https://go.nasa.gov/3jHrsjG,TF,BC wildfires,pm25,12.9
2017-07-09,Vanderhoof,Vanderhoof Courthouse,https://go.nasa.gov/2SRe9lb,TF,BC wildfires,pm25,15.8
2017-07-10,Vanderhoof,Vanderhoof Courthouse,https://go.nasa.gov/2GLYq3S,TF,BC wildfires,pm25,8.7
2017-07-11,Vanderhoof,Vanderhoof Courthouse,https://go.nasa.gov/33F3bp0,TF,BC wildfires,pm25,5.2
2017-07-12,Vanderhoof,Vanderhoof Courthouse,https://go.nasa.gov/2FccdAf,TF,BC wildfires,pm25,52.2
2017-07-13,Vanderhoof,Vanderhoof Courthouse,https://go.nasa.gov/2GKiQu6,TF,BC wildfires,pm25,33.9
2017-07-18,Vanderhoof,Vanderhoof Courthouse,https://go.nasa.gov/3iFe12B,TF,BC wildfires,pm25,13.6
2017-07-19,Vanderhoof,Vanderhoof Courthouse,https://go.nasa.gov/3iFdVbf,TF,BC wildfires,pm25,4.8
2017-07-20,Vanderhoof,Vanderhoof Courthouse,https://go.nasa.gov/3df3MB0,TF,BC wildfires,pm25,8.4
2017-07-21,Vanderhoof,Vanderhoof Courthouse,https://go.nasa.gov/3uQ1DEH,TF,BC wildfires,pm25,12.6
2017-07-26,Vanderhoof,Vanderhoof Courthouse,https://go.nasa.gov/34HKfVI,TF,BC wildfires,pm25,8.4
2017-07-29,Vanderhoof,Vanderhoof Courthouse,https://go.nasa.gov/3jM9Mn5,TF,BC wildfires,pm25,11.3
2017-08-06,Vanderhoof,Vanderhoof Courthouse,https://go.nasa.gov/2IbqTAV,TF,BC wildfires,pm25,18.8
2017-08-08,Vanderhoof,Vanderhoof Courthouse,https://go.nasa.gov/3mwqoSr,TF,BC wildfires,pm25,19.9
2017-08-09,Vanderhoof,Vanderhoof Courthouse,https://go.nasa.gov/34D7FLV,TF,BC wildfires,pm25,68.4
2017-08-10,Vanderhoof,Vanderhoof Courthouse,https://go.nasa.gov/3ouKizJ,TF,BC wildfires,pm25,91.9
2017-08-11,Vanderhoof,Vanderhoof Courthouse,https://go.nasa.gov/30PPmlQ,TF,BC wildfires,pm25,15.3
2017-08-12,Vanderhoof,Vanderhoof Courthouse,https://go.nasa.gov/3lk73lg,TF,BC wildfires,pm25,16
2017-08-13,Vanderhoof,Vanderhoof Courthouse,https://go.nasa.gov/3nvv1Mf,TF,BC wildfires,pm25,16.8
2017-08-22,Vanderhoof,Vanderhoof Courthouse,https://go.nasa.gov/36LZP5y,TF,BC wildfires,pm25,5.3
2017-08-26,Vanderhoof,Vanderhoof Courthouse,https://go.nasa.gov/3uQGYAo,TF,BC wildfires,pm25,6.3
2017-08-29,Vanderhoof,Vanderhoof Courthouse,https://go.nasa.gov/30JhiaH,TF,BC wildfires,pm25,18.3
2017-09-05,Vanderhoof,Vanderhoof Courthouse,https://go.nasa.gov/2GDUcvw,TF,BC wildfires,pm25,43.6
2017-09-06,Vanderhoof,Vanderhoof Courthouse,https://go.nasa.gov/3jIYLTn,TF,BC wildfires,pm25,3.1
2017-09-07,Vanderhoof,Vanderhoof Courthouse,https://go.nasa.gov/2GMvvg3,TF,BC wildfires,pm25,4.3
2018-07-22,Vanderhoof,Vanderhoof Courthouse,https://go.nasa.gov/3a6UQwG,TF,BC wildfires,pm25,15.7
2018-07-24,Vanderhoof,Vanderhoof Courthouse,https://go.nasa.gov/34MYIQx,TF,BC wildfires,pm25,23.6
2018-07-25,Vanderhoof,Vanderhoof Courthouse,https://go.nasa.gov/30SwpPe,TF,BC wildfires,pm25,NA
2018-07-26,Vanderhoof,Vanderhoof Courthouse,https://go.nasa.gov/30TFU0B,TF,BC wildfires,pm25,NA
2018-07-27,Vanderhoof,Vanderhoof Courthouse,https://go.nasa.gov/3iRD4PL,TF,BC wildfires,pm25,14.9
2018-07-28,Vanderhoof,Vanderhoof Courthouse,https://go.nasa.gov/3iNwl9I,TF,BC wildfires,pm25,NA
2018-07-29,Vanderhoof,Vanderhoof Courthouse,https://go.nasa.gov/33JTKV8,TF,BC wildfires,pm25,NA
2018-07-30,Vanderhoof,Vanderhoof Courthouse,https://go.nasa.gov/33M1je4,TF,BC wildfires,pm25,NA
2018-07-31,Vanderhoof,Vanderhoof Courthouse,https://go.nasa.gov/3mj88Me,TF,BC wildfires,pm25,32.2
2018-08-01,Vanderhoof,Vanderhoof Courthouse,https://go.nasa.gov/3nUsefZ,TF,BC wildfires,pm25,25.7
2018-08-02,Vanderhoof,Vanderhoof Courthouse,https://go.nasa.gov/375063w,TF,BC wildfires,pm25,21.6
2018-08-03,Vanderhoof,Vanderhoof Courthouse,https://go.nasa.gov/3le8IeR,TF,BC wildfires,pm25,29.9
2018-08-05,Vanderhoof,Vanderhoof Courthouse,https://go.nasa.gov/2H4x8pn,TF,BC wildfires,pm25,67.5
2018-08-06,Vanderhoof,Vanderhoof Courthouse,https://go.nasa.gov/30YNAyI,TF,BC wildfires,pm25,86
2018-08-07,Vanderhoof,Vanderhoof Courthouse,https://go.nasa.gov/3jVhfQJ,TF,BC wildfires,pm25,99.1
2018-08-08,Vanderhoof,Vanderhoof Courthouse,https://go.nasa.gov/36Yj395,TF,BC wildfires,pm25,78.2
2018-08-09,Vanderhoof,Vanderhoof Courthouse,https://go.nasa.gov/370SXBi,TF,BC wildfires,pm25,104
2018-08-10,Vanderhoof,Vanderhoof Courthouse,https://go.nasa.gov/370Ix4L,TF,BC wildfires,pm25,124
2018-08-11,Vanderhoof,Vanderhoof Courthouse,https://go.nasa.gov/33SunAw,TF,BC wildfires,pm25,73
2018-08-12,Vanderhoof,Vanderhoof Courthouse,https://go.nasa.gov/33Uvy2B,TF,BC wildfires,pm25,145
2018-08-13,Vanderhoof,Vanderhoof Courthouse,https://go.nasa.gov/33T6bxV,TF,BC wildfires,pm25,195
2018-08-14,Vanderhoof,Vanderhoof Courthouse,https://go.nasa.gov/313dsJK,TF,BC wildfires,pm25,291
2018-08-15,Vanderhoof,Vanderhoof Courthouse,https://go.nasa.gov/3dp50cN,TF,BC wildfires,pm25,232
2018-08-16,Vanderhoof,Vanderhoof Courthouse,https://go.nasa.gov/372QKVW,TF,BC wildfires,pm25,125
2018-08-17,Vanderhoof,Vanderhoof Courthouse,https://go.nasa.gov/3nP5DBp,TF,BC wildfires,pm25,106
2018-08-18,Vanderhoof,Vanderhoof Courthouse,https://go.nasa.gov/3dpiPIr,TF,BC wildfires,pm25,102
2018-08-19,Vanderhoof,Vanderhoof Courthouse,https://go.nasa.gov/314tYJE,TF,BC wildfires,pm25,221
2018-08-20,Vanderhoof,Vanderhoof Courthouse,https://go.nasa.gov/3nOjW9i,TF,BC wildfires,pm25,632
2018-08-21,Vanderhoof,Vanderhoof Courthouse,https://go.nasa.gov/3lFWt8k,TF,BC wildfires,pm25,98.3
2018-08-22,Vanderhoof,Vanderhoof Courthouse,https://go.nasa.gov/313YwLp,TF,BC wildfires,pm25,151
2018-08-23,Vanderhoof,Vanderhoof Courthouse,https://go.nasa.gov/3lD7o2o,TF,BC wildfires,pm25,55.5
2018-08-24,Vanderhoof,Vanderhoof Courthouse,https://go.nasa.gov/3dmRaaO,TF,BC wildfires,pm25,27.8
2018-08-25,Vanderhoof,Vanderhoof Courthouse,https://go.nasa.gov/3nNlKPO,TF,BC wildfires,pm25,39.5
2018-08-26,Vanderhoof,Vanderhoof Courthouse,https://go.nasa.gov/3uNW2ys,TF,BC wildfires,pm25,79.9
2018-08-27,Vanderhoof,Vanderhoof Courthouse,https://go.nasa.gov/2SPmNjM,TF,BC wildfires,pm25,47.1
2018-08-28,Vanderhoof,Vanderhoof Courthouse,https://go.nasa.gov/3jVNHmb,TF,BC wildfires,pm25,57.1
2018-08-29,Vanderhoof,Vanderhoof Courthouse,https://go.nasa.gov/34WZQRk,TF,BC wildfires,pm25,60.6
2018-08-30,Vanderhoof,Vanderhoof Courthouse,https://go.nasa.gov/2SOwUph,TF,BC wildfires,pm25,91.4
2018-08-31,Vanderhoof,Vanderhoof Courthouse,https://go.nasa.gov/3mDdGS6,TF,BC wildfires,pm25,39.7
2018-09-01,Vanderhoof,Vanderhoof Courthouse,https://go.nasa.gov/2Fr84bZ,TF,BC wildfires,pm25,39.7
2018-09-02,Vanderhoof,Vanderhoof Courthouse,https://go.nasa.gov/3lhuFcW,TF,BC wildfires,pm25,25.9
2018-09-02,Vanderhoof,Vanderhoof Courthouse,TF_EE evidence directory,TF,BC wildfires,pm25,10.6
2018-09-03,Vanderhoof,Vanderhoof Courthouse,TF_EE evidence directory,TF,BC wildfires,pm25,15.4
2018-09-04,Vanderhoof,Vanderhoof Courthouse,https://go.nasa.gov/34SUDu2,TF,BC wildfires,pm25,17.9
2018-09-05,Vanderhoof,Vanderhoof Courthouse,https://go.nasa.gov/3agbolT,TF,BC wildfires,pm25,38.8
2018-09-06,Vanderhoof,Vanderhoof Courthouse,https://go.nasa.gov/2GXtQ7w,TF,BC wildfires,pm25,24.4
2018-09-07,Vanderhoof,Vanderhoof Courthouse,https://go.nasa.gov/3nOuHII,TF,BC wildfires,pm25,NA
2018-09-08,Vanderhoof,Vanderhoof Courthouse,https://go.nasa.gov/3nOuHII,TF,BC wildfires,pm25,NA
2019-05-25,Vanderhoof,Vanderhoof Courthouse,https://go.nasa.gov/3lJrCYm,TF,Alberta wildfires,pm25,NA
2019-05-26,Vanderhoof,Vanderhoof Courthouse,https://go.nasa.gov/3lMUq27,TF,Alberta wildfires,pm25,NA
2019-05-27,Vanderhoof,Vanderhoof Courthouse,https://go.nasa.gov/2SOmTZ4,TF,Alberta wildfires,pm25,NA
2019-07-09,Vanderhoof,Vanderhoof Courthouse,https://go.nasa.gov/3muQaqd,TF,Yukon wildfires,pm25,NA
2020-09-13,Vanderhoof,Vanderhoof Courthouse,https://go.nasa.gov/2YAkvf5,TF,USA wildfires,pm25,NA
2020-09-15,Vanderhoof,Vanderhoof Courthouse,https://go.nasa.gov/3uNSeNC,TF,USA wildfires,pm25,NA
2020-09-18,Vanderhoof,Vanderhoof Courthouse,https://go.nasa.gov/3008fVr,TF,USA wildfires,pm25,14.7
2020-09-19,Vanderhoof,Vanderhoof Courthouse,https://go.nasa.gov/3BpeCQa,TF,USA wildfires,pm25,28.1
2021-06-30,Vanderhoof,Vanderhoof Courthouse,https://go.nasa.gov/3Aj4hnu,TF,BC wildfires,pm25,19.2
2021-07-06,Vanderhoof,Vanderhoof Courthouse,https://go.nasa.gov/3DnzEiK,TF,BC wildfires,pm25,11
2021-07-07,Vanderhoof,Vanderhoof Courthouse,https://go.nasa.gov/3AlNS1i,TF,BC wildfires,pm25,24.2
2021-07-08,Vanderhoof,Vanderhoof Courthouse,https://go.nasa.gov/3llzaTU,TF,BC wildfires,pm25,16.5
2021-07-09,Vanderhoof,Vanderhoof Courthouse,https://go.nasa.gov/309UILj,TF,BC wildfires,pm25,20.5
2021-07-10,Vanderhoof,Vanderhoof Courthouse,https://go.nasa.gov/2YqQu1m,TF,BC wildfires,pm25,48.1
2021-07-12,Vanderhoof,Vanderhoof Courthouse,https://go.nasa.gov/3ahMimM,TF,BC wildfires,pm25,13
2021-07-13,Vanderhoof,Vanderhoof Courthouse,https://go.nasa.gov/3iFqXs1,TF,BC wildfires,pm25,8.3
2021-07-14,Vanderhoof,Vanderhoof Courthouse,https://go.nasa.gov/3oInPzo,TF,BC wildfires,pm25,27.5
2021-07-30,Vanderhoof,Vanderhoof Courthouse,https://go.nasa.gov/3ageu9t,TF,BC wildfires,pm25,66.6
2021-07-31,Vanderhoof,Vanderhoof Courthouse,https://go.nasa.gov/3ljlIji ,TF,BC wildfires,pm25,51.2
2021-08-01,Vanderhoof,Vanderhoof Courthouse,https://go.nasa.gov/3DmyEeq ,TF,BC wildfires,pm25,17.5
2021-08-02,Vanderhoof,Vanderhoof Courthouse,https://go.nasa.gov/3FtHAk3 ,TF,BC wildfires,pm25,12.4
2021-08-13,Vanderhoof,Vanderhoof Courthouse,https://go.nasa.gov/3aiizdu ,TF,BC wildfires,pm25,17.8
2021-08-14,Vanderhoof,Vanderhoof Courthouse,https://go.nasa.gov/3AkHszJ ,TF,BC wildfires,pm25,12.4
2022-08-11,Vanderhoof,Vanderhoof Courthouse,https://go.nasa.gov/3BHjphr,TF,BC wildfires,pm25,15.2
2022-09-12,Vanderhoof,Vanderhoof Courthouse,https://go.nasa.gov/45ig4D5,TF,BC wildfires,pm25,
2022-09-13,Vanderhoof,Vanderhoof Courthouse,https://go.nasa.gov/3Wi3eRf,TF,BC wildfires,pm25,
2022-09-14,Vanderhoof,Vanderhoof Courthouse,https://go.nasa.gov/41Vfica,TF,BC wildfires,pm25,
2022-09-21,Vanderhoof,Vanderhoof Courthouse,https://go.nasa.gov/3IstyCi,TF,BC wildfires,pm25,
2022-09-28,Vanderhoof,Vanderhoof Courthouse,https://go.nasa.gov/45eRCma,TF,BC wildfires,pm25,
2022-09-30,Vanderhoof,Vanderhoof Courthouse,https://go.nasa.gov/42JN19T,TF,BC wildfires,pm25,
2022-10-04,Vanderhoof,Vanderhoof Courthouse,https://go.nasa.gov/3pQFRC1,TF,BC wildfires,pm25,11.6
2022-10-05,Vanderhoof,Vanderhoof Courthouse,https://go.nasa.gov/43aqL94,TF,BC wildfires,pm25,19.5
2022-10-06,Vanderhoof,Vanderhoof Courthouse,https://go.nasa.gov/43aqL94,TF,BC wildfires,pm25,20.9
2022-10-07,Vanderhoof,Vanderhoof Courthouse,https://go.nasa.gov/42QydpP,TF,BC wildfires,pm25,15.8
2022-10-08,Vanderhoof,Vanderhoof Courthouse,https://go.nasa.gov/3ML1ahG,TF,BC wildfires,pm25,15.5
2023-05-09,Vanderhoof,Vanderhoof Courthouse,https://go.nasa.gov/4hZgQKN,TF,Alberta wildfires,pm25,NA
2023-05-10,Vanderhoof,Vanderhoof Courthouse,https://go.nasa.gov/4hWow0o,TF,Alberta wildfires,pm25,NA
2023-05-12,Vanderhoof,Vanderhoof Courthouse,https://go.nasa.gov/4hZN3li,TF,Alberta wildfires,pm25,NA
2023-05-16,Vanderhoof,Vanderhoof Courthouse,https://go.nasa.gov/40TKkCW,TF,BC wildfires,pm25,NA
2023-05-17,Vanderhoof,Vanderhoof Courthouse,https://go.nasa.gov/3X4aQbL,TF,BC wildfires; Alberta wildfires,pm25,NA
2023-05-18,Vanderhoof,Vanderhoof Courthouse,https://go.nasa.gov/3D4od4G,TF,BC wildfires; Alberta wildfires,pm25,NA
2023-05-19,Vanderhoof,Vanderhoof Courthouse,https://go.nasa.gov/42XRHfs,TF,BC wildfires; Alberta wildfires,pm25,25.6
2023-06-09,Vanderhoof,Vanderhoof Courthouse,https://go.nasa.gov/3CSwFE7,TF,BC wildfires; Alberta wildfires,pm25,13.1
2023-06-14,Vanderhoof,Vanderhoof Courthouse,https://go.nasa.gov/4b8pvsg,TF,BC wildfires; Alberta wildfires,pm25,25.3
2023-06-15,Vanderhoof,Vanderhoof Courthouse,https://go.nasa.gov/3QhhEiv,TF,BC wildfires; Alberta wildfires,pm25,22.1
2023-06-22,Vanderhoof,Vanderhoof Courthouse,https://go.nasa.gov/3X03zcI,TF,BC wildfires; Alberta wildfires,pm25,8.1
2023-06-23,Vanderhoof,Vanderhoof Courthouse,https://go.nasa.gov/4hPTura,TF,BC wildfires; Alberta wildfires,pm25,9.3
2023-06-24,Vanderhoof,Vanderhoof Courthouse,https://go.nasa.gov/412kwVa,TF,BC wildfires; Alberta wildfires,pm25,6.9
2023-06-25,Vanderhoof,Vanderhoof Courthouse,https://go.nasa.gov/416mDHQ,TF,BC wildfires; Alberta wildfires,pm25,7.6
2023-06-26,Vanderhoof,Vanderhoof Courthouse,https://go.nasa.gov/41hBoc7,TF,BC wildfires; Alberta wildfires,pm25,7
2023-06-27,Vanderhoof,Vanderhoof Courthouse,https://go.nasa.gov/42Yru06,TF,BC wildfires; Alberta wildfires,pm25,7
2023-06-28,Vanderhoof,Vanderhoof Courthouse,https://go.nasa.gov/41idjS8,TF,BC wildfires; Alberta wildfires,pm25,9.4
2023-07-03,Vanderhoof,Vanderhoof Courthouse,https://go.nasa.gov/41rdqLD,TF,BC wildfires; Alberta wildfires,pm25,17.1
2023-07-04,Vanderhoof,Vanderhoof Courthouse,https://go.nasa.gov/4gD2mz3,TF,BC wildfires; Alberta wildfires,pm25,17.1
2023-07-05,Vanderhoof,Vanderhoof Courthouse,https://go.nasa.gov/4gNiDSa,TF,BC wildfires; Alberta wildfires,pm25,13.2
2023-07-06,Vanderhoof,Vanderhoof Courthouse,https://go.nasa.gov/41hEGMr,TF,BC wildfires; Alberta wildfires,pm25,20.2
2023-07-07,Vanderhoof,Vanderhoof Courthouse,https://go.nasa.gov/4gGyPEP,TF,BC wildfires; Alberta wildfires,pm25,33
2023-07-08,Vanderhoof,Vanderhoof Courthouse,https://go.nasa.gov/42XVVUm,TF,BC wildfires; Alberta wildfires,pm25,32.1
2023-07-09,Vanderhoof,Vanderhoof Courthouse,https://go.nasa.gov/4b3HUpR,TF,BC wildfires; Alberta wildfires,pm25,37.2
2023-07-10,Vanderhoof,Vanderhoof Courthouse,https://go.nasa.gov/4gGiqjI,TF,BC wildfires; Alberta wildfires,pm25,29.5
2023-07-11,Vanderhoof,Vanderhoof Courthouse,https://go.nasa.gov/4gGi6l6,TF,BC wildfires; Alberta wildfires,pm25,71
2023-07-12,Vanderhoof,Vanderhoof Courthouse,https://go.nasa.gov/4aZWBdM,TF,BC wildfires; Alberta wildfires,pm25,131.9
2023-07-13,Vanderhoof,Vanderhoof Courthouse,https://go.nasa.gov/4jXtiwu,TF,BC wildfires; Alberta wildfires,pm25,192.2
2023-07-14,Vanderhoof,Vanderhoof Courthouse,https://go.nasa.gov/3QgTnsP,TF,BC wildfires; Alberta wildfires,pm25,266.1
2023-07-15,Vanderhoof,Vanderhoof Courthouse,https://go.nasa.gov/3EG3wwE,TF,BC wildfires; Alberta wildfires,pm25,189.4
2023-07-16,Vanderhoof,Vanderhoof Courthouse,https://go.nasa.gov/4k2EFn0,TF,BC wildfires; Alberta wildfires,pm25,106.4
2023-07-17,Vanderhoof,Vanderhoof Courthouse,https://go.nasa.gov/3X0zKJ8,TF,BC wildfires; Alberta wildfires,pm25,21.5
2023-07-18,Vanderhoof,Vanderhoof Courthouse,https://go.nasa.gov/4k0QZUI,TF,BC wildfires; Alberta wildfires,pm25,13.8
2023-07-19,Vanderhoof,Vanderhoof Courthouse,https://go.nasa.gov/4k0R0YM,TF,BC wildfires; Alberta wildfires,pm25,25.8
2023-07-20,Vanderhoof,Vanderhoof Courthouse,https://go.nasa.gov/4bigTPX,TF,BC wildfires; Alberta wildfires,pm25,29.1
2023-07-21,Vanderhoof,Vanderhoof Courthouse,https://go.nasa.gov/3X3kgUG,TF,BC wildfires; Alberta wildfires,pm25,48.7
2023-07-22,Vanderhoof,Vanderhoof Courthouse,https://go.nasa.gov/3X18D0w,TF,BC wildfires; Alberta wildfires,pm25,10.8
2023-08-05,Vanderhoof,Vanderhoof Courthouse,https://go.nasa.gov/4b0SvBW,TF,BC wildfires,pm25,11
2023-08-06,Vanderhoof,Vanderhoof Courthouse,https://go.nasa.gov/4k2VAph,TF,BC wildfires,pm25,21.7
2023-08-07,Vanderhoof,Vanderhoof Courthouse,https://go.nasa.gov/4b5lAw1,TF,BC wildfires,pm25,14
2023-08-14,Vanderhoof,Vanderhoof Courthouse,https://go.nasa.gov/3QmefPm,TF,BC wildfires,pm25,5.6
2023-08-15,Vanderhoof,Vanderhoof Courthouse,https://go.nasa.gov/3ECNQdB,TF,BC wildfires,pm25,19.8
2023-08-16,Vanderhoof,Vanderhoof Courthouse,https://go.nasa.gov/41isjQd,TF,BC wildfires,pm25,10.9
2023-08-17,Vanderhoof,Vanderhoof Courthouse,https://go.nasa.gov/4k30H8R,TF,BC wildfires,pm25,10.6
2023-08-21,Vanderhoof,Vanderhoof Courthouse,https://go.nasa.gov/432tHHR,TF,BC wildfires,pm25,41.7
2023-08-22,Vanderhoof,Vanderhoof Courthouse,https://go.nasa.gov/4hXl99q,TF,BC wildfires,pm25,50.2
2023-08-23,Vanderhoof,Vanderhoof Courthouse,https://go.nasa.gov/41juS4C,TF,BC wildfires,pm25,53.9
2023-08-24,Vanderhoof,Vanderhoof Courthouse,https://go.nasa.gov/4gIzhCv,TF,BC wildfires,pm25,52.2
2023-08-25,Vanderhoof,Vanderhoof Courthouse,https://go.nasa.gov/4i1mmMZ,TF,BC wildfires,pm25,22.5
2023-08-26,Vanderhoof,Vanderhoof Courthouse,https://go.nasa.gov/4gEYrSw,TF,BC wildfires,pm25,35.5
2023-08-27,Vanderhoof,Vanderhoof Courthouse,https://go.nasa.gov/3CXjD8r,TF,BC wildfires,pm25,56.6
2023-08-28,Vanderhoof,Vanderhoof Courthouse,https://go.nasa.gov/3CJ0FT3,TF,BC wildfires,pm25,56.2
2023-08-29,Vanderhoof,Vanderhoof Courthouse,https://go.nasa.gov/3EI9kFV,TF,BC wildfires,pm25,87.5
2023-08-30,Vanderhoof,Vanderhoof Courthouse,https://go.nasa.gov/4jULVkJ,TF,BC wildfires,pm25,20.8
2023-08-31,Vanderhoof,Vanderhoof Courthouse,https://go.nasa.gov/4gIQQSQ,TF,BC wildfires,pm25,20.1
2023-09-01,Vanderhoof,Vanderhoof Courthouse,https://go.nasa.gov/3ECaYJc,TF,BC wildfires,pm25,24.2
2023-09-02,Vanderhoof,Vanderhoof Courthouse,https://go.nasa.gov/4b5HqQ3,TF,BC wildfires,pm25,13.1
2023-09-03,Vanderhoof,Vanderhoof Courthouse,https://go.nasa.gov/4hVyUFu,TF,BC wildfires,pm25,10.6
2023-09-04,Vanderhoof,Vanderhoof Courthouse,https://go.nasa.gov/412H20d,TF,BC wildfires,pm25,10.7
2023-09-05,Vanderhoof,Vanderhoof Courthouse,https://go.nasa.gov/415f3Nk,TF,BC wildfires,pm25,57.3
2023-09-06,Vanderhoof,Vanderhoof Courthouse,https://go.nasa.gov/3EHAX1K,TF,BC wildfires,pm25,32.8
2023-09-07,Vanderhoof,Vanderhoof Courthouse,https://go.nasa.gov/4148Jpy,TF,BC wildfires,pm25,19
2023-09-10,Vanderhoof,Vanderhoof Courthouse,https://go.nasa.gov/4b6lnZS,TF,BC wildfires,pm25,29
2023-09-11,Vanderhoof,Vanderhoof Courthouse,https://go.nasa.gov/3D3cOlF,TF,BC wildfires,pm25,58.9
2023-09-12,Vanderhoof,Vanderhoof Courthouse,https://go.nasa.gov/41jmaTO,TF,BC wildfires,pm25,115
2023-09-13,Vanderhoof,Vanderhoof Courthouse,https://go.nasa.gov/434kBKV,TF,BC wildfires,pm25,11.7
2023-09-14,Vanderhoof,Vanderhoof Courthouse,https://go.nasa.gov/3X3cKJu,TF,BC wildfires,pm25,28.2
2023-09-15,Vanderhoof,Vanderhoof Courthouse,https://go.nasa.gov/40U0kF2,TF,BC wildfires,pm25,86.8
2023-09-16,Vanderhoof,Vanderhoof Courthouse,https://go.nasa.gov/41hpnDf,TF,BC wildfires,pm25,61
2023-09-17,Vanderhoof,Vanderhoof Courthouse,https://go.nasa.gov/42YuWb3,TF,BC wildfires,pm25,86.8
2023-09-18,Vanderhoof,Vanderhoof Courthouse,https://go.nasa.gov/41iuK5j,TF,BC wildfires,pm25,70.4
2023-09-19,Vanderhoof,Vanderhoof Courthouse,https://go.nasa.gov/410jhGg,TF,BC wildfires,pm25,29.4
2024-07-21,Vanderhoof,Vanderhoof Courthouse,https://go.nasa.gov/40WAhwZ,TF,BC wildfires,pm25,23.2
2024-07-22,Vanderhoof,Vanderhoof Courthouse,https://go.nasa.gov/3QkEPsg,TF,BC wildfires,pm25,30
2024-07-23,Vanderhoof,Vanderhoof Courthouse,https://go.nasa.gov/4hTpWZm,TF,BC wildfires,pm25,17.9
2024-07-27,Vanderhoof,Vanderhoof Courthouse,https://go.nasa.gov/4gGJH5u,TF,BC wildfires,pm25,5.3
2024-08-10,Vanderhoof,Vanderhoof Courthouse,https://go.nasa.gov/3CRlfk2,TF,BC wildfires,pm25,43.4
2024-08-11,Vanderhoof,Vanderhoof Courthouse,https://go.nasa.gov/3CRlfk2,TF,BC wildfires,pm25,36.8
2024-08-12,Vanderhoof,Vanderhoof Courthouse,https://go.nasa.gov/3CHXPxE,TF,BC wildfires,pm25,28.9
2024-08-15,Vanderhoof,Vanderhoof Courthouse,https://go.nasa.gov/41gltux,TF,BC wildfires,pm25,21.1
2024-08-16,Vanderhoof,Vanderhoof Courthouse,https://go.nasa.gov/3QkIZ34,TF,BC wildfires,pm25,NA
2024-09-06,Vanderhoof,Vanderhoof Courthouse,https://go.nasa.gov/4hXHO5E,TF,BC wildfires,pm25,120.6
2024-09-07,Vanderhoof,Vanderhoof Courthouse,https://go.nasa.gov/3EE6C45,TF,BC wildfires,pm25,138.7
2024-09-08,Vanderhoof,Vanderhoof Courthouse,https://go.nasa.gov/4b8mUP2,TF,BC wildfires,pm25,36.7
